dataset_name,dataset_type,n_rows,n_features,algorithm,task_type,transform_time_sec,one_fold_one_model_time_sec,actual_5fold_cv_time_sec,estimated_5fold_cv_time_sec,estimation_formula,estimation_error_pct,overhead_sec,cv_mean_mse,timestamp
Synthetic Small,SYNTHETIC,500,10,LinearRegression,REGRESSION,0.043297,0.001305,0.079898,0.223011,fold_1_time_sec * 5,179.12,0.073371,42474.5912,2026-09-06T14:11:22.546019+00:00
Synthetic Small,SYNTHETIC,500,10,Ridge,REGRESSION,0.014589,0.008902,0.081707,0.117454,fold_1_time_sec * 5,43.75,0.037197,42449.5657,2026-09-06T14:11:22.652731+00:00
Synthetic Small,SYNTHETIC,500,10,RandomForestRegressor,REGRESSION,0.015157,0.089862,0.547216,0.525096,fold_1_time_sec * 5,4.04,0.097906,12460.9212,2026-09-06T14:11:23.306450+00:00
Synthetic Medium,SYNTHETIC,5000,25,LinearRegression,REGRESSION,0.040925,0.03883,0.390509,0.398771,fold_1_time_sec * 5,2.12,0.19636,9338288.6378,2026-09-06T14:11:23.780624+00:00
Synthetic Medium,SYNTHETIC,5000,25,Ridge,REGRESSION,0.045553,0.010115,0.225853,0.278338,fold_1_time_sec * 5,23.24,0.175278,9338050.8438,2026-09-06T14:11:24.066406+00:00
Synthetic Medium,SYNTHETIC,5000,25,RandomForestRegressor,REGRESSION,0.04078,0.369615,1.678184,2.051977,fold_1_time_sec * 5,22.27,0.0,2147553.8794,2026-09-06T14:11:26.158473+00:00
California Housing,REAL_STRESS,20640,8,LinearRegression,REGRESSION,0.021168,0.003163,0.121111,0.121654,fold_1_time_sec * 5,0.45,0.105295,0.4444,2026-09-06T14:11:26.310295+00:00
California Housing,REAL_STRESS,20640,8,Ridge,REGRESSION,0.020966,0.001982,0.110877,0.114741,fold_1_time_sec * 5,3.48,0.100967,0.4444,2026-09-06T14:11:26.447299+00:00
California Housing,REAL_STRESS,20640,8,RandomForestRegressor,REGRESSION,0.021547,0.463326,2.13159,2.424364,fold_1_time_sec * 5,13.73,0.0,0.2677,2026-09-06T14:11:29.067339+00:00
