sqft,bedrooms,bathrooms,location_score,year_built,garage_capacity,price
2248.4,3,3.4,2.3,1971,1,575900.0
1930.9,1,2.0,4.98,1988,3,564400.0
2323.8,2,2.9,4.01,2003,0,626200.0
2761.5,2,2.0,5.7,2007,3,748900.0
1882.9,4,3.7,6.27,1974,2,639900.0
1882.9,4,4.4,1.08,1988,2,536000.0
2789.6,1,1.7,7.85,2004,2,807300.0
2383.7,5,4.8,7.42,2002,2,830900.0
1765.3,3,3.4,4.3,2021,0,563400.0
2271.3,2,2.7,1.48,2008,2,570600.0
1768.3,1,2.2,7.79,1980,2,567700.0
1767.1,3,3.7,9.6,1974,2,670600.0
2121.0,4,4.2,3.16,1973,2,598700.0
1043.4,3,3.0,3.91,2001,0,415200.0
1137.5,1,2.1,2.65,2003,2,356600.0
1718.9,1,1.3,6.19,1975,2,538700.0
1493.6,3,3.0,2.39,1974,1,430900.0
2157.1,2,2.9,4.21,2001,1,598400.0
1546.0,2,2.3,7.27,2022,2,591000.0
1293.8,2,2.2,6.04,1963,2,456900.0
2732.8,4,3.6,4.48,1986,1,731400.0
1887.1,4,4.4,4.78,1982,2,584100.0
2033.8,3,3.3,6.06,1988,1,630800.0
1287.6,4,4.2,1.05,2000,0,393300.0
1727.8,2,2.2,1.71,2012,0,443900.0
2055.5,3,3.5,8.93,2011,0,727300.0
1424.5,2,2.8,1.7,2022,1,432000.0
2187.8,3,3.1,7.36,1968,1,679900.0
1699.7,5,4.7,9.28,2012,2,745900.0
1854.2,3,3.0,3.44,2016,2,574100.0
1699.1,3,3.7,4.33,2015,0,543200.0
2926.1,3,3.4,6.12,2011,1,809400.0
1993.3,2,2.9,8.94,2002,1,695300.0
1471.1,4,3.8,9.48,2002,2,669500.0
2411.3,3,3.5,7.66,1966,0,738200.0
1389.6,3,3.5,1.78,2012,0,441100.0
2104.4,3,3.4,7.02,2001,3,694800.0
1020.2,3,3.7,4.69,1963,2,411200.0
1335.9,1,1.6,5.24,1964,1,428800.0
2098.4,3,2.9,1.44,1964,1,522800.0
2369.2,2,2.7,2.72,1970,1,588900.0
2085.7,3,3.5,8.11,2022,2,733900.0
1942.2,4,4.1,5.09,2000,2,619100.0
1849.4,4,3.7,3.71,1987,0,536800.0
1260.7,3,3.3,4.46,1975,2,459000.0
1640.1,3,3.1,8.69,2000,1,641800.0
1769.7,2,2.4,7.74,2013,1,606800.0
2528.6,4,4.1,3.45,1989,1,684500.0
2171.8,2,2.7,2.06,1963,1,526600.0
1118.5,3,3.0,3.27,2022,1,406400.0
2162.0,2,2.4,9.29,1961,1,707500.0
1807.5,2,2.3,6.23,2005,1,579100.0
1661.5,3,2.9,5.8,1962,0,544400.0
2305.8,1,2.0,6.37,2009,2,664400.0
2515.5,3,3.7,4.29,1980,1,660100.0
2465.6,2,2.4,8.26,1965,0,706300.0
1580.4,1,2.0,5.71,2002,2,518400.0
1845.4,3,3.6,2.05,2012,2,527400.0
2165.6,1,2.1,2.16,1977,2,514400.0
2487.8,2,2.2,5.83,2003,1,699400.0
1760.4,3,3.7,9.43,1964,1,652600.0
1907.2,1,1.6,3.78,1968,2,497300.0
1446.8,4,3.8,8.83,1979,2,596200.0
1401.9,1,1.3,7.88,1987,1,517300.0
2406.3,2,2.5,3.23,1985,3,622500.0
2678.1,3,2.9,1.33,1977,0,632800.0
1964.0,2,2.2,1.92,1978,3,488100.0
2501.8,2,2.3,7.56,1962,2,691300.0
2180.8,3,3.6,2.8,1968,2,586300.0
1677.4,2,2.9,4.34,1995,3,538500.0
2180.7,4,3.8,5.52,2023,2,691300.0
2769.0,2,2.9,7.53,1990,1,762500.0
1982.1,4,4.4,2.02,2008,1,591500.0
2782.3,4,4.3,4.66,1976,0,762900.0
690.1,3,2.9,5.37,2022,1,360500.0
2411.0,4,4.2,5.87,2014,2,747400.0
2043.5,3,3.7,8.37,1982,1,718900.0
1850.5,5,4.9,2.55,1993,1,559800.0
2045.9,1,1.6,8.27,2000,2,653900.0
1006.2,3,3.3,7.24,2000,2,494400.0
1890.2,3,3.4,6.0,1964,0,562500.0
2178.6,3,3.3,7.3,1974,1,654800.0
2738.9,3,2.9,4.71,2006,1,753100.0
1740.9,3,3.1,2.25,1962,2,445700.0
1595.8,1,2.1,6.99,1978,0,520300.0
1749.1,2,2.9,5.72,1987,2,577600.0
2457.7,3,2.9,6.75,1962,1,680900.0
2164.4,3,3.7,4.04,1997,1,605800.0
1735.1,5,4.6,9.16,1963,3,722200.0
2256.6,4,4.2,6.29,1983,0,700100.0
2048.5,5,5.0,1.77,1990,1,572700.0
2484.3,3,3.6,5.05,2004,0,714800.0
1649.0,2,2.9,7.81,2018,1,631300.0
1836.2,2,2.3,8.15,2004,2,651000.0
1803.9,4,4.4,5.45,2018,1,616700.0
1268.2,3,2.9,9.05,1970,0,536200.0
2148.1,1,2.0,3.41,1996,1,554000.0
2130.5,3,3.5,4.7,1960,2,605100.0
2002.6,5,4.9,9.09,1968,2,761900.0
1882.7,3,3.0,9.07,1976,2,656400.0
1292.3,3,3.6,7.17,2013,2,540100.0
1789.7,3,2.9,8.73,1960,1,632900.0
1828.6,2,2.1,1.8,1962,1,433600.0
1598.9,3,3.5,8.78,2006,1,631800.0
1919.4,3,3.2,3.89,1985,1,529500.0
2202.0,1,2.1,2.6,2012,1,553600.0
2943.1,4,3.9,3.15,1990,2,758600.0
2087.3,3,2.9,4.76,1985,2,624400.0
2128.8,4,4.3,3.26,1982,3,624900.0
1962.8,4,4.0,3.89,1989,1,589600.0
1040.6,2,2.2,2.21,1969,2,343900.0
1986.7,3,3.5,3.67,1967,2,542200.0
2030.1,3,3.3,6.15,2003,2,666200.0
3231.6,4,4.1,4.98,1984,1,819400.0
1903.8,2,2.5,4.12,2023,1,553500.0
2150.8,3,3.6,7.72,1981,0,666900.0
1982.6,3,3.6,9.04,1974,1,704000.0
1415.7,2,2.7,7.81,2018,2,577900.0
2571.4,2,2.1,3.99,2000,0,649600.0
2376.0,3,3.6,7.7,2015,1,745800.0
2395.5,3,3.4,2.37,2016,2,636500.0
1545.3,2,2.7,2.17,1969,2,410600.0
2701.4,3,3.1,4.11,1979,1,702200.0
1299.1,3,3.6,8.27,2000,2,565900.0
2293.4,3,3.5,3.22,2006,1,647000.0
3095.2,2,2.1,1.57,1982,1,654000.0
1504.7,4,3.9,2.19,2012,1,471800.0
1716.9,2,2.9,8.73,2012,2,678800.0
2049.8,3,2.8,6.7,1960,3,638600.0
1748.3,1,2.2,3.28,1961,0,419100.0
1224.7,2,2.7,6.0,2017,2,501700.0
2034.3,3,3.4,5.75,1978,1,612900.0
1468.8,2,2.3,6.9,2021,2,550700.0
2236.8,4,3.7,3.1,1973,0,578500.0
1540.3,1,2.2,8.78,1967,1,595300.0
2775.0,3,3.0,3.78,1997,2,720900.0
1608.4,2,2.8,7.25,1971,2,534200.0
1839.0,1,1.6,1.15,1985,1,446200.0
2406.8,2,2.1,4.35,1986,1,637200.0
1384.6,3,2.8,4.17,1988,1,452900.0
2113.7,3,3.3,5.89,1974,1,619600.0
2653.6,3,3.7,1.65,2005,2,674500.0
1196.3,3,3.1,8.11,2012,3,568200.0
2092.3,3,3.1,2.96,2020,1,561900.0
2129.9,1,1.6,7.09,1960,1,631700.0
2390.9,3,3.3,8.23,2019,2,781400.0
1381.5,5,4.7,6.06,2002,1,597500.0
1339.8,3,3.6,7.67,1987,2,581800.0
2261.0,3,3.3,6.96,2016,1,705300.0
2148.5,2,2.5,4.2,1962,2,588800.0
2125.2,4,3.6,8.28,2010,2,743000.0
2173.2,4,4.5,3.65,1977,2,602100.0
1660.0,3,3.0,6.14,2011,2,587800.0
2116.1,5,4.3,7.71,2019,1,763400.0
2146.5,2,2.7,4.41,1993,2,598500.0
1642.8,1,1.8,3.72,1991,2,465600.0
2932.9,4,3.9,5.13,1988,1,812600.0
2236.9,4,3.9,8.36,1984,1,749300.0
1404.3,2,2.8,9.37,2019,0,585200.0
2328.3,2,2.2,5.91,1985,1,663700.0
1512.7,1,2.1,6.95,1998,1,529700.0
2393.5,2,2.6,9.13,1967,2,708100.0
2579.3,4,3.9,1.89,1978,1,649100.0
1589.7,3,3.2,3.09,2013,2,515000.0
2481.7,2,2.3,7.38,2006,1,735900.0
2206.4,3,3.5,8.41,2001,1,750700.0
2411.0,1,1.8,8.71,1981,1,705100.0
2948.4,2,2.3,4.74,1988,1,744200.0
1877.3,3,3.3,1.8,1992,1,479700.0
1623.1,5,5.2,4.94,1997,1,598800.0
1555.2,4,3.9,3.08,2023,1,553400.0
1592.1,1,2.2,3.62,2004,2,458800.0
1961.4,4,3.8,7.95,2005,2,702000.0
2170.6,4,3.6,1.68,1994,1,562400.0
2138.3,4,3.7,8.45,2002,2,756100.0
2413.6,3,3.2,4.85,2023,2,693500.0
2006.5,3,3.0,6.36,1962,0,609200.0
2726.8,2,2.0,1.81,1978,3,647100.0
1867.7,1,2.2,4.04,1969,2,513700.0
3360.1,2,2.8,1.81,1986,1,717900.0
2312.8,2,2.7,9.65,1974,1,756200.0
1571.4,3,2.9,8.27,1970,0,591400.0
1464.6,3,2.9,5.14,2006,0,521100.0
2241.2,3,2.8,3.01,1985,2,602900.0
1888.3,1,2.0,9.4,2018,1,673600.0
2357.0,5,5.2,4.1,1983,2,718100.0
2236.6,4,3.9,2.45,1972,2,629100.0
1963.6,4,3.6,6.07,1991,2,638900.0
1576.6,5,4.8,9.49,1996,2,718700.0
1242.6,3,3.1,1.03,1963,0,332800.0
1776.7,5,4.6,3.14,1972,1,546200.0
2428.2,1,1.9,9.45,1968,2,714400.0
2107.0,3,3.5,2.54,2016,0,570300.0
1377.1,2,2.1,2.02,2008,0,377000.0
2086.6,2,2.0,6.13,1993,2,622300.0
2192.7,2,3.0,8.76,2015,2,727100.0
1558.1,3,3.0,5.29,1996,1,525900.0
2076.9,4,3.6,9.95,2007,2,777300.0
2029.1,3,2.9,7.11,1966,2,649100.0
1428.5,2,2.0,1.67,1960,1,338600.0
2178.9,4,3.9,9.94,2019,0,772900.0
2280.4,3,3.6,4.67,2017,3,696500.0
2541.5,3,3.1,3.59,1971,1,636200.0
2526.9,3,3.2,6.02,1980,0,720900.0
1311.2,2,2.7,3.74,1970,1,413300.0
1531.1,2,2.5,1.78,2003,2,443600.0
2257.5,4,4.4,1.01,2010,1,615600.0
2256.9,2,2.9,5.05,2017,1,648200.0
2257.5,3,2.8,8.53,2003,1,734000.0
3926.4,4,4.3,6.15,2003,3,1049600.0
2285.4,3,3.2,9.99,1973,1,772600.0
2567.8,1,2.2,3.58,1993,2,636700.0
2477.0,2,2.5,3.52,1993,3,671200.0
2325.7,1,2.2,2.44,1984,0,537000.0
1842.4,3,3.5,2.48,2020,3,559000.0
2379.5,3,3.0,3.57,1963,3,631200.0
1613.6,2,2.5,8.14,2023,2,610200.0
1881.6,5,5.2,9.15,2011,1,756800.0
1757.3,3,3.6,9.78,2014,2,733100.0
2040.9,2,2.1,3.09,1985,2,546500.0
3157.3,3,3.5,8.93,1975,3,921100.0
1066.4,3,3.1,3.95,1969,1,387800.0
2343.1,1,1.3,2.02,2004,2,562900.0
1193.6,2,2.4,8.83,1961,1,516500.0
1764.0,4,3.7,6.72,1994,1,636400.0
2544.5,3,3.6,2.48,1978,1,627700.0
2032.1,3,3.1,4.87,1965,2,598600.0
1461.1,3,3.6,3.59,1978,1,472400.0
1642.3,1,1.3,7.63,2018,2,568300.0
2339.8,2,2.3,5.08,2012,3,679900.0
1634.8,3,3.0,9.9,2011,1,641200.0
2108.2,2,2.2,1.49,2010,2,540400.0
2022.8,1,1.3,4.2,1967,1,525100.0
1674.2,4,3.7,5.34,1973,1,570800.0
3072.0,5,4.8,5.53,1969,2,845000.0
2317.0,4,3.8,3.84,1962,3,655000.0
987.4,4,3.9,7.56,1997,2,544600.0
2093.2,2,2.4,8.87,1988,2,721000.0
1669.1,5,5.1,9.45,1974,0,683600.0
2426.2,2,2.9,8.25,1982,1,737400.0
1603.7,5,4.7,8.66,1982,2,690700.0
1942.6,5,4.6,5.95,1977,0,619800.0
2252.5,3,2.9,8.43,2005,1,737200.0
2432.9,5,5.2,3.73,1978,2,723000.0
1399.9,3,2.8,4.59,1987,0,481500.0
1832.7,2,2.3,3.85,1985,1,519300.0
1762.5,3,3.0,5.21,1969,2,533000.0
1673.3,3,3.1,3.57,2006,2,528700.0
2882.7,1,1.4,9.65,1963,3,815600.0
2202.5,3,3.5,3.82,2014,2,647000.0
1369.6,5,4.4,1.88,1961,1,420000.0
2458.9,2,2.6,5.74,1962,3,663600.0
3061.1,4,3.6,1.51,1966,2,685900.0
2516.2,4,3.6,1.99,2014,1,677500.0
1240.3,4,4.4,2.97,1975,0,416400.0
1757.9,5,4.4,5.18,1990,2,620100.0
2633.5,3,3.6,4.9,1969,2,711900.0
1646.2,5,4.8,8.2,1978,2,652200.0
2221.9,4,3.6,7.66,1987,2,717200.0
2387.3,2,3.0,4.84,1976,2,634400.0
1536.5,3,3.0,4.0,1987,3,498400.0
1970.2,3,3.6,3.85,1978,2,578900.0
600.0,2,2.2,7.97,1996,0,380400.0
1487.8,3,3.6,1.47,1982,2,456500.0
1873.7,3,2.8,1.12,1979,1,484400.0
1376.1,2,2.5,8.16,1972,2,553400.0
2816.2,3,3.5,5.29,1972,3,764100.0
1284.9,4,4.4,2.18,2002,2,474800.0
1780.0,3,3.7,3.12,1970,2,512500.0
2065.4,1,2.1,9.39,2007,1,693900.0
2720.6,1,2.1,8.74,1974,1,772100.0
1282.1,3,2.9,7.39,1976,1,528600.0
2581.6,4,3.8,5.34,2013,2,775700.0
2005.1,2,2.3,5.68,2009,2,612700.0
1509.2,3,3.1,9.78,1987,2,631900.0
2231.1,2,2.4,9.69,1978,1,736700.0
2099.5,2,2.5,2.94,1963,1,534500.0
1699.9,4,3.7,8.3,1981,2,648800.0
2034.9,3,3.4,2.78,1981,1,524500.0
1807.3,1,1.4,2.92,2014,2,490300.0
2056.8,3,3.1,7.08,1996,2,687700.0
2331.1,1,1.8,4.65,1998,2,649800.0
2793.0,3,3.5,9.38,1993,1,842800.0
1381.1,3,3.5,1.8,1992,2,419800.0
3066.5,2,2.6,5.6,2003,1,791800.0
1024.0,2,2.2,9.27,2001,3,555500.0
1924.1,3,3.3,9.14,1999,0,690000.0
2294.2,4,3.6,2.41,1992,0,588400.0
2140.5,5,4.6,4.3,1971,2,660200.0
1688.7,1,1.7,6.57,1961,1,508400.0
1895.9,4,3.5,2.43,2018,2,552200.0
1753.5,3,3.0,9.71,1987,2,667600.0
1705.3,3,3.7,9.23,1969,2,680400.0
2424.8,4,4.5,2.5,1981,3,665600.0
2178.5,4,3.9,2.09,1976,1,575600.0
1653.5,5,4.3,1.77,1985,2,504700.0
2449.8,3,2.9,9.18,1962,0,756400.0
2153.6,3,3.1,2.74,1966,1,557400.0
2406.4,4,4.4,4.75,2003,2,723400.0
2314.8,2,2.1,5.04,1967,1,615200.0
1585.5,3,3.5,6.39,1979,2,580400.0
1719.9,3,2.9,1.65,1971,2,459700.0
2373.6,3,3.7,3.04,1994,2,625200.0
2305.2,2,2.4,9.38,1976,3,741900.0
1989.5,2,2.8,9.18,1987,0,643000.0
2058.7,4,3.8,8.03,2000,2,759400.0
2638.8,2,2.6,1.17,1969,2,605700.0
1704.2,3,2.9,3.94,1981,1,499500.0
2273.5,2,2.1,6.65,2023,0,676900.0
1898.9,1,2.2,3.48,1997,2,510200.0
1891.2,1,2.2,9.19,2016,1,689400.0
2549.4,2,2.9,6.71,1992,1,705600.0
2412.7,4,4.1,1.65,1981,2,623200.0
2406.8,2,2.8,9.18,2003,2,779100.0
2652.7,5,4.3,9.62,1996,3,915800.0
2010.5,3,3.1,1.7,1972,2,514600.0
2341.0,3,3.1,5.79,1986,2,662800.0
1844.9,3,3.4,3.73,2023,0,557800.0
2162.1,3,3.1,4.54,1974,1,591400.0
1934.9,4,3.6,2.62,1981,1,544900.0
2048.5,2,2.6,6.2,1989,3,659700.0
2297.6,3,3.6,9.62,2002,1,759800.0
1590.9,4,3.9,5.53,1999,1,560500.0
3046.2,4,3.6,1.75,1996,2,735700.0
1497.0,4,3.7,6.58,1993,1,569000.0
1392.9,3,3.0,4.06,2003,1,488800.0
2579.1,4,3.8,8.7,2019,2,852000.0
2395.8,3,3.4,4.91,1993,0,672500.0
2312.1,3,3.4,2.74,2017,0,606600.0
2314.2,2,2.7,2.72,2007,1,598000.0
1993.9,3,3.1,7.92,2012,2,712300.0
1551.4,2,2.8,3.39,1994,2,463800.0
2037.9,2,2.2,7.91,2001,1,675400.0
1661.4,4,4.0,2.85,1978,2,513600.0
2487.6,2,2.8,3.9,1967,1,640000.0
1926.5,1,1.4,5.19,1998,3,565700.0
1587.3,1,1.4,9.49,1992,0,586000.0
1839.3,4,4.4,9.39,2003,2,732300.0
2206.5,3,3.1,2.86,2020,2,617500.0
1718.1,3,3.4,4.22,1987,2,546100.0
1588.9,4,3.5,2.34,1996,1,493500.0
2121.8,4,4.2,5.59,2007,1,660900.0
2122.5,2,2.3,5.15,1984,2,629000.0
1746.5,3,2.8,9.11,1995,0,620800.0
1764.5,4,4.1,9.37,1976,2,683600.0
2116.0,3,3.0,4.45,1983,2,610200.0
1276.0,2,2.4,5.43,1980,2,466300.0
1296.3,4,3.6,9.07,1961,0,587600.0
1640.8,3,2.9,8.26,1990,2,597800.0
1893.3,2,2.3,1.03,2003,2,471000.0
2155.5,3,2.8,3.88,1992,2,577300.0
2737.7,1,2.2,4.8,1989,0,677800.0
2428.8,2,2.0,3.07,1971,0,580800.0
1920.0,4,4.0,2.8,2003,1,591800.0
1990.5,1,1.4,1.34,1971,0,434200.0
1498.7,3,3.1,6.79,2010,2,597400.0
1990.7,3,3.7,3.36,2016,3,615400.0
1855.7,1,1.4,1.47,2008,1,444500.0
2161.4,5,5.2,3.08,2011,2,643100.0
1586.4,2,2.2,8.22,1983,0,569900.0
2259.7,2,2.7,8.66,1983,1,691700.0
2766.4,2,2.5,5.35,2017,0,756700.0
1945.6,2,2.9,4.74,2019,1,588400.0
2200.9,1,1.8,9.8,1970,3,733700.0
2345.1,3,3.3,2.81,1972,0,579200.0
1799.4,5,4.4,2.94,1986,2,570000.0
2112.0,2,2.2,3.63,1967,1,546000.0
2006.3,3,3.7,2.55,1969,3,550900.0
2048.8,3,3.1,4.41,2023,0,605300.0
1613.5,4,3.9,9.2,1967,1,648700.0
2012.3,3,3.5,6.54,2023,0,649200.0
2249.0,2,2.3,4.71,1979,1,587200.0
2725.6,2,3.0,9.41,1967,1,826100.0
2479.6,3,3.5,1.44,1968,2,606500.0
3076.6,4,4.1,2.89,1966,2,761100.0
1616.3,2,2.9,6.09,1973,2,563400.0
2436.2,3,2.8,6.54,1987,2,718200.0
2091.7,4,3.8,1.36,1961,0,536600.0
3094.9,4,4.0,4.63,2016,1,838200.0
1595.9,5,4.5,6.84,2002,3,635500.0
1580.1,4,4.2,7.28,1967,2,630200.0
1700.3,3,3.7,6.74,1972,2,608500.0
938.1,3,3.2,3.89,1980,2,383600.0
1737.1,3,3.1,1.84,2006,0,488600.0
1620.4,1,2.2,4.84,1987,1,479700.0
2075.2,3,3.2,2.16,1994,0,550500.0
2170.9,3,3.2,9.53,1982,1,704100.0
2938.1,2,2.4,5.28,2005,0,740300.0
2475.2,4,4.4,3.86,2021,1,728200.0
1711.5,3,3.3,7.9,1974,2,617600.0
1550.8,5,5.0,5.48,1961,2,575100.0
2246.0,1,2.1,3.79,2020,2,587000.0
1339.9,2,2.3,8.31,2010,3,604200.0
2915.7,3,3.2,8.8,1971,0,855000.0
2589.7,2,2.8,7.06,2023,0,753600.0
1765.4,3,3.1,1.42,2016,2,494300.0
1143.4,4,4.3,6.1,2011,1,536100.0
2676.9,2,2.9,7.87,1995,1,811100.0
1942.7,3,3.4,2.23,1962,1,517100.0
2618.9,3,3.5,3.06,1964,1,680600.0
1202.8,3,3.6,8.94,1962,2,536000.0
1700.3,4,4.3,1.18,2016,1,489700.0
2002.6,4,3.9,7.77,2006,2,700600.0
2023.5,3,2.8,5.26,1978,2,615500.0
1775.0,3,3.2,5.02,1961,1,541900.0
2311.4,3,3.4,1.06,2003,1,570600.0
1466.2,4,4.0,8.37,1996,1,632200.0
1928.8,3,3.5,4.24,2023,1,619000.0
2060.1,3,3.1,5.87,2013,2,639200.0
2257.2,4,4.1,7.1,1976,2,716700.0
2355.8,2,2.2,7.32,1973,2,706200.0
1437.7,4,4.2,9.6,1987,1,633900.0
1232.9,2,2.5,5.78,1986,2,455300.0
2638.8,2,2.2,4.6,2013,2,724000.0
2166.2,2,2.3,9.58,1969,1,684900.0
1625.8,5,5.0,6.78,1962,2,614200.0
2775.6,4,4.0,3.68,1995,1,742600.0
2057.8,3,3.0,2.14,1997,2,545900.0
2589.6,3,3.7,8.58,2015,2,845900.0
2033.8,3,3.5,4.26,2022,0,600600.0
3030.4,4,4.5,6.94,1984,2,893400.0
2877.7,3,3.2,5.24,1981,0,747200.0
1875.5,3,3.2,2.79,2007,0,538400.0
2485.8,2,2.9,6.42,1998,3,744200.0
2322.7,4,4.0,1.55,2006,3,622100.0
2684.3,3,3.5,4.72,1989,0,680600.0
1517.5,3,3.0,5.92,1980,1,533600.0
2343.0,1,1.7,4.92,1989,1,614500.0
2529.2,4,3.6,7.74,1987,1,791800.0
1120.6,1,1.5,8.45,1990,2,486600.0
1408.4,3,2.8,7.94,2016,3,599000.0
980.4,5,4.3,1.35,2011,2,427700.0
1865.3,3,3.7,2.75,1985,1,501700.0
2358.8,2,2.2,5.83,2002,2,691300.0
2751.2,3,3.4,9.41,1981,1,834500.0
2037.0,4,4.3,8.51,1980,3,732100.0
2814.3,3,3.3,8.58,1960,2,821000.0
1309.9,5,4.4,3.73,1996,2,493600.0
1148.3,1,2.0,4.87,1972,1,395500.0
1972.2,3,3.4,5.24,1980,1,618600.0
2192.0,3,3.5,2.42,2005,0,585000.0
1983.7,4,4.3,1.28,1968,2,528600.0
966.3,2,3.0,9.52,1976,1,486000.0
1955.4,4,4.1,3.17,2006,1,594900.0
1347.8,3,3.1,3.16,1980,1,462100.0
2334.8,3,3.4,1.75,1990,2,588100.0
2183.3,2,2.1,9.36,1998,0,706900.0
1530.1,4,4.4,6.22,2018,2,601600.0
1743.1,2,2.1,7.0,2013,2,599100.0
1470.4,2,2.3,9.2,1981,3,558000.0
1968.7,2,2.8,4.11,1971,1,545600.0
2477.6,4,4.1,6.59,2023,1,767700.0
1507.1,3,3.1,1.35,2014,1,416300.0
2252.0,4,4.0,2.68,1965,1,605700.0
1734.9,2,2.9,8.48,2012,1,624500.0
1603.6,3,3.1,7.9,1975,2,595300.0
1946.5,3,3.6,4.16,1985,1,594500.0
1482.4,4,3.6,4.39,1964,2,481900.0
1723.2,4,4.3,5.8,1968,0,550200.0
1401.1,1,2.1,1.0,2005,2,377500.0
2982.4,3,2.9,3.17,1999,2,764300.0
2017.6,1,1.7,2.87,1973,2,477200.0
1650.1,3,2.9,3.25,2003,2,518700.0
2107.0,2,2.7,8.25,2022,2,726300.0
1943.8,2,2.5,3.52,2001,3,529700.0
1889.5,3,3.4,2.72,1989,1,539200.0
2307.1,3,2.9,5.54,2011,2,707500.0
2378.8,2,2.2,8.79,2011,0,740500.0
1734.7,3,2.8,3.17,1985,0,508900.0
1712.1,3,3.1,1.71,2012,1,501700.0
1862.5,1,1.8,4.21,2004,0,513800.0
849.0,4,4.4,7.73,1988,1,484500.0
1242.4,2,2.7,5.96,1978,1,444700.0
2683.4,3,3.2,8.35,2006,0,811400.0
2822.5,3,3.7,9.64,1967,3,882500.0
1875.5,2,2.7,8.13,1982,0,616100.0
2288.3,1,2.2,6.43,2012,2,642800.0
2155.6,3,3.3,5.44,2001,1,670400.0
3539.4,4,3.8,1.36,1994,3,836800.0
2559.8,3,2.8,9.86,1990,2,824100.0
1936.0,3,3.5,4.45,2012,2,621200.0
1522.2,3,2.9,2.37,1994,2,483100.0
1196.8,2,2.3,7.0,1991,0,430800.0
2101.7,3,3.3,3.56,2017,3,634000.0
1621.8,4,4.1,6.27,1964,2,559700.0
1288.9,2,2.6,6.28,1975,2,489700.0
1676.7,2,2.2,5.01,1976,2,518200.0
1459.2,2,2.4,8.53,1991,1,578900.0
2843.6,3,3.4,3.38,1997,2,724400.0
2440.8,5,5.2,5.04,2017,1,730200.0
1996.0,1,2.0,5.84,1991,2,582300.0
2740.0,3,3.7,6.97,2023,0,813400.0
2038.7,2,2.8,8.06,2011,3,718000.0
1569.4,5,4.8,4.55,1979,0,526500.0
2761.6,2,2.2,6.81,2007,1,786800.0
2269.5,3,3.4,2.36,2015,2,607500.0
1481.4,3,3.4,9.39,1961,2,613500.0
1904.8,3,3.4,4.45,1979,2,567400.0
1562.2,3,3.2,7.57,2006,1,603300.0
1308.6,2,2.5,1.18,1977,0,352100.0
2463.1,3,3.1,2.85,1960,2,598300.0
2954.7,2,2.5,5.38,2017,3,791800.0
1300.7,2,2.2,8.9,1988,2,558300.0
2281.5,3,3.6,5.75,1988,1,710900.0
1674.7,2,2.2,9.37,1978,3,623500.0
1756.4,2,2.1,5.35,2003,1,580200.0
1703.8,3,3.2,5.41,1999,2,606700.0
1568.0,5,4.9,2.08,1965,1,480500.0
2024.3,3,3.2,8.22,2003,1,693300.0
1584.5,1,1.5,3.22,1998,2,438800.0
2135.2,1,1.8,9.1,2009,2,706500.0
1974.9,5,4.6,9.2,2013,1,746900.0
1880.5,2,2.9,9.49,2005,1,685400.0
1546.2,1,2.2,5.68,1967,0,489800.0
1711.6,3,3.3,7.09,1983,2,599300.0
2377.7,3,3.1,8.01,1979,1,731900.0
2250.5,3,3.5,2.18,2013,0,563400.0
1511.2,2,2.0,6.41,1973,2,522200.0
2049.7,1,1.7,1.31,1964,2,464200.0
2375.7,5,4.6,5.48,2000,2,747700.0
1165.3,2,2.9,2.39,1999,2,382300.0
2271.7,3,2.8,2.65,1993,2,595700.0
1668.7,3,3.3,4.29,2019,3,576800.0
2285.3,3,3.5,4.89,1975,2,652200.0
1618.4,2,2.5,6.61,2004,2,576400.0
1097.6,2,2.1,1.67,1966,1,312500.0
1186.2,3,3.7,5.53,1975,3,500100.0
2024.0,4,4.0,2.64,1966,1,563400.0
2129.9,4,4.1,6.17,1986,1,680400.0
1547.8,2,2.2,6.74,1973,1,546600.0
2319.3,2,2.5,6.01,1973,0,644400.0
1169.2,4,3.9,7.64,2003,3,592400.0
1967.0,3,2.8,4.02,1992,2,587900.0
1394.5,4,3.6,7.89,1992,2,569300.0
1674.1,2,2.8,4.89,2003,2,561300.0
2023.7,3,3.0,5.36,1979,1,606400.0
1569.8,3,2.9,6.83,2012,0,574000.0
1807.7,3,3.3,1.17,2006,2,500100.0
2503.1,3,3.5,6.89,1995,2,752500.0
1711.6,1,1.3,6.57,1966,1,521100.0
2417.8,3,3.3,3.79,1991,2,650400.0
1435.1,2,2.1,1.77,2007,1,424500.0
2264.9,3,2.8,1.82,1962,1,541600.0
2720.8,5,4.3,9.31,1998,1,883700.0
764.2,3,3.6,7.2,1988,1,424400.0
1601.6,4,3.6,2.14,1983,2,487500.0
2288.5,2,2.0,4.21,1981,2,610800.0
1898.5,3,3.2,6.33,1965,1,603300.0
2185.6,5,5.1,8.52,2007,2,784800.0
1698.0,2,2.3,1.39,1983,2,412400.0
2043.3,1,1.7,3.13,1999,1,532000.0
1922.2,3,2.8,9.01,1982,1,699700.0
2583.9,1,1.7,1.08,2013,3,584600.0
2127.2,3,3.3,2.81,1997,2,611300.0
2168.8,4,4.1,9.63,1969,3,781800.0
1794.1,3,3.1,6.52,1975,1,590000.0
1756.2,2,2.3,3.36,1970,2,479600.0
1783.7,3,2.9,1.6,1991,1,455000.0
2197.2,3,3.1,1.25,2004,1,569100.0
1789.5,1,1.3,3.2,2020,2,489100.0
2144.9,3,3.5,8.93,1965,1,698700.0
3037.7,3,3.7,4.74,1983,1,798000.0
2435.6,3,3.7,7.48,1992,1,722200.0
1837.0,2,2.9,9.26,2012,0,645800.0
2600.6,3,3.4,4.67,2023,2,740800.0
1796.0,1,2.0,2.72,2010,1,484700.0
980.9,2,2.3,5.65,1971,0,391600.0
1496.0,4,4.1,9.17,2015,1,657300.0
1064.6,3,3.2,8.24,1986,0,539800.0
1824.2,1,1.7,1.59,1997,2,449800.0
2009.2,2,2.8,7.23,2021,0,651400.0
2838.2,2,2.3,6.15,1977,2,743800.0
2163.5,2,2.3,9.17,2022,0,727700.0
1890.4,2,2.9,2.1,2004,1,512100.0
2414.7,1,1.3,5.81,1998,2,678900.0
894.4,3,3.2,8.92,2023,2,515300.0
2117.8,3,3.7,4.69,2014,0,627400.0
2385.4,3,3.4,5.34,1972,2,684900.0
1260.7,3,3.3,1.63,2012,1,412800.0
2571.9,1,1.5,3.5,1999,2,634800.0
2169.2,5,4.6,3.92,1989,2,670000.0
1792.4,4,4.4,9.51,2012,2,722500.0
2316.4,4,4.1,3.54,2008,3,706500.0
3135.3,4,4.0,5.15,2000,1,857900.0
2090.9,4,3.6,7.04,2011,2,696200.0
2124.1,3,2.8,2.46,1972,1,525900.0
1770.3,2,3.0,5.38,1993,0,529800.0
1575.1,3,3.1,7.65,1995,0,595100.0
2415.2,3,3.4,8.8,1989,0,744500.0
1572.0,3,2.8,6.64,2020,2,590500.0
2035.8,3,3.4,7.02,1984,2,673800.0
1761.2,1,2.2,2.14,1961,2,431600.0
2239.5,3,3.3,9.51,2023,0,779800.0
2166.8,4,3.6,2.19,1995,1,570100.0
2518.8,3,3.3,7.97,1977,3,789800.0
1745.0,3,3.5,3.38,1964,1,489700.0
1865.1,2,2.4,9.4,1978,2,659100.0
1510.6,3,3.6,7.48,2001,2,603500.0
1777.9,4,4.1,7.78,1977,2,659000.0
2188.7,3,3.6,2.97,2021,2,625600.0
2378.5,4,4.1,4.99,2016,2,715600.0
1538.9,3,2.9,6.56,1991,1,551100.0
2434.8,3,3.1,7.93,1980,2,754700.0
2677.8,2,2.2,1.94,1969,1,583400.0
2206.7,3,3.7,9.66,1996,1,760000.0
2938.4,3,3.5,9.01,2008,0,885400.0
1613.1,3,3.4,3.43,1981,2,479600.0
1377.7,3,3.1,8.4,1972,1,577300.0
1110.6,4,3.7,5.66,2014,1,518200.0
2748.0,1,2.0,5.16,1976,1,666700.0
2327.2,4,4.0,3.83,1968,3,679400.0
1972.2,2,2.2,6.23,1983,2,603400.0
2140.0,3,3.4,7.57,2003,2,720900.0
1437.3,1,1.3,4.7,1973,2,429700.0
3222.9,2,2.3,6.66,2005,1,864100.0
2064.6,3,3.2,7.29,1967,1,659100.0
2054.7,1,1.4,7.4,2014,3,647600.0
2362.9,3,3.7,1.47,1996,0,562700.0
2240.5,4,3.7,8.74,1978,1,728600.0
2111.9,2,2.1,5.12,2022,1,625900.0
1604.8,4,3.7,3.36,1987,1,517500.0
2235.7,3,3.5,3.18,2005,1,624600.0
2941.0,3,3.2,5.35,2000,2,796700.0
2672.7,2,2.6,8.98,1989,0,772700.0
2796.6,2,2.0,4.41,1966,2,682100.0
1744.4,2,2.0,7.75,2018,1,635400.0
1505.2,1,1.7,1.87,2017,1,401500.0
1937.1,2,2.8,5.28,1985,0,566500.0
2027.9,3,3.6,9.93,1999,2,736400.0
2547.1,4,3.6,7.93,2005,1,811100.0
1153.8,4,4.0,2.89,2013,2,443600.0
2764.8,3,3.7,5.51,2019,2,807800.0
1921.0,2,2.4,3.1,2005,2,549700.0
1786.6,2,2.8,4.69,1970,1,512900.0
1493.9,2,2.1,8.02,1973,1,543100.0
1172.6,2,2.9,7.94,1980,1,492100.0
2411.6,3,3.5,3.05,2022,2,645700.0
2036.7,3,3.7,9.3,1967,1,691200.0
1355.0,3,3.4,6.33,1962,2,512600.0
1352.5,3,3.1,4.42,1987,2,482600.0
1832.1,4,4.4,5.52,2020,1,640700.0
2834.5,4,3.8,6.45,1988,0,794800.0
1870.2,2,2.3,6.04,1982,2,596800.0
1248.4,4,4.2,5.38,1977,1,494100.0
1877.1,5,5.0,5.54,1994,0,649200.0
1863.6,2,2.9,2.59,2022,2,507900.0
651.6,3,3.0,8.31,1972,1,366900.0
1972.9,3,3.5,5.88,1971,3,632100.0
1884.5,4,4.2,2.18,2006,2,539500.0
2348.1,4,3.6,7.9,2009,2,779300.0
2924.5,2,2.4,9.39,1964,1,828700.0
2563.3,3,3.0,9.53,1998,1,844700.0
1865.6,3,3.1,4.32,1970,2,560000.0
1446.7,3,3.7,2.22,2017,1,463400.0
3286.7,2,2.6,5.67,2018,1,863400.0
2029.6,4,4.2,2.01,1970,1,549600.0
2007.0,3,3.7,9.41,2018,1,735300.0
1987.9,4,3.9,2.65,2006,1,593800.0
2099.0,4,4.3,3.27,2001,2,607500.0
1927.8,3,3.2,4.66,2006,1,598500.0
1713.2,3,3.6,4.45,1990,0,508600.0
1726.6,3,2.9,8.15,1990,2,641400.0
1983.6,2,2.9,5.11,1972,3,592000.0
1728.3,3,3.0,2.54,1973,1,501100.0
1643.6,2,2.3,3.4,2008,0,453500.0
2053.2,3,3.5,5.58,2004,2,642300.0
1872.5,2,2.4,2.33,2001,3,529200.0
2752.0,2,2.6,6.5,1984,2,763400.0
674.5,2,2.4,6.09,1992,2,380800.0
2545.8,1,2.0,7.43,1992,1,704300.0
2623.0,3,3.0,9.44,2021,2,849100.0
963.3,3,2.8,9.21,1974,0,512100.0
1828.7,3,3.0,9.51,1975,2,679300.0
1814.3,2,2.5,3.2,2003,2,526700.0
1296.2,1,1.4,2.18,2017,3,393600.0
1611.1,1,1.6,3.72,2015,1,453500.0
1444.7,2,2.4,9.06,1997,0,588800.0
2876.1,4,3.6,9.75,1965,2,896200.0
2467.8,2,2.6,8.73,2003,2,812700.0
2635.8,3,3.6,1.99,1984,2,636400.0
2360.8,2,2.2,9.53,1974,1,753100.0
1435.5,2,2.6,4.81,1963,1,432600.0
1737.7,3,3.4,1.08,2015,2,492000.0
2244.7,3,3.2,4.98,2023,1,687000.0
1388.9,2,2.7,1.41,1963,2,339100.0
2356.5,1,1.7,5.89,1989,1,637100.0
1879.8,3,3.3,4.05,1993,2,562100.0
1812.6,2,2.0,5.26,1986,2,542100.0
2355.5,2,2.7,6.52,1990,2,699100.0
2222.1,5,4.9,8.82,2015,1,825100.0
1819.5,3,2.8,6.96,1991,2,622800.0
2579.7,3,3.1,4.91,2003,1,716700.0
1459.5,3,3.7,8.37,1998,2,613600.0
2308.0,3,3.2,9.15,2011,1,778400.0
2296.6,3,3.3,2.08,1968,1,550000.0
1845.2,3,3.7,5.79,2022,1,642500.0
2163.1,3,3.5,3.56,2000,1,611800.0
1374.4,2,2.6,1.42,1967,3,385700.0
2462.0,3,3.5,7.02,1973,1,713900.0
1907.5,3,3.6,8.76,1992,2,689400.0
1738.6,4,4.0,2.47,1982,3,527600.0
2524.5,3,3.2,8.31,1980,0,738600.0
1647.8,3,3.1,8.68,2014,2,633700.0
1295.8,2,3.0,9.23,1971,1,539800.0
1221.7,3,3.4,3.39,2016,0,443000.0
2303.0,2,2.1,9.14,1961,1,699100.0
1359.8,2,2.9,3.89,1972,3,431000.0
2877.4,2,2.5,5.97,2021,0,763800.0
959.0,3,2.8,1.45,2018,2,347200.0
2848.2,2,2.5,1.39,1963,2,624600.0
2105.5,3,3.2,7.48,1979,2,717200.0
1951.6,4,4.4,5.0,2009,0,644100.0
1727.5,2,2.2,3.31,2010,2,525400.0
2199.6,3,3.6,2.71,2007,2,627100.0
1981.2,3,3.3,7.03,2018,2,668400.0
2551.7,1,1.3,1.0,1973,3,537100.0
2057.1,4,4.5,8.25,1989,2,717200.0
2075.2,1,1.8,1.71,1988,0,495400.0
1818.2,3,3.0,2.72,1967,1,483800.0
1971.5,3,3.2,4.48,1971,1,550200.0
2153.9,3,3.6,5.36,2000,1,645500.0
1144.9,3,3.1,4.19,1997,1,429200.0
1325.9,2,2.2,3.89,1985,1,426200.0
2371.6,1,1.4,9.68,2009,1,753500.0
2085.4,3,3.0,6.77,1961,3,644100.0
1908.0,3,3.5,1.21,2014,0,514200.0
2009.2,4,4.0,4.87,1999,3,643100.0
2173.8,4,3.7,8.88,2015,1,769200.0
1730.1,4,3.7,3.71,1973,2,549400.0
1610.8,3,3.1,1.85,1965,2,432800.0
2097.9,2,2.9,7.83,2001,1,672300.0
1510.8,4,3.8,6.45,2023,1,608200.0
2204.1,3,3.7,6.13,1999,1,667800.0
1148.7,2,2.5,1.48,2021,1,356900.0
2514.6,4,3.7,2.26,1990,3,676000.0
2236.3,4,4.4,6.6,1976,2,744000.0
2128.0,3,3.2,2.87,1984,0,566500.0
2491.3,1,2.0,5.54,2020,0,680900.0
2832.7,3,3.7,5.9,1991,1,789700.0
2507.2,4,3.6,3.55,1971,0,636000.0
1079.6,4,3.6,9.54,2008,2,596100.0
1360.2,2,2.7,8.58,1972,0,530900.0
1687.6,1,1.5,7.5,1978,2,563500.0
2013.0,4,3.7,1.7,2003,0,545400.0
2258.8,3,2.8,1.96,2007,1,587400.0
1637.1,3,2.8,5.44,1984,2,543700.0
2093.4,5,5.0,2.45,1990,1,607800.0
1622.3,1,1.4,9.8,2018,3,626900.0
1694.2,3,3.2,2.43,1996,2,493000.0
1296.7,1,1.9,5.39,1984,1,455900.0
1538.4,3,3.2,4.28,1975,0,484000.0
1324.2,4,3.5,6.75,2016,2,573700.0
1512.1,3,3.5,2.16,1997,3,501200.0
2526.8,5,4.3,4.87,2002,2,736400.0
1525.3,3,3.5,3.47,2008,0,470100.0
3316.2,2,2.9,8.99,2017,3,987700.0
2246.7,2,2.4,1.37,1982,1,525600.0
2092.4,3,3.3,9.22,1973,2,718600.0
1570.8,3,3.2,8.5,1965,3,594600.0
2350.2,1,1.6,3.68,1984,1,585100.0
1712.2,3,3.6,8.1,1982,3,654700.0
2061.0,3,3.6,1.28,2021,1,533600.0
3280.0,3,3.1,9.7,2019,3,990200.0
1952.0,3,3.4,5.74,2002,1,619200.0
2574.6,3,3.7,3.73,1971,3,688700.0
1648.4,1,2.2,4.26,1972,0,437500.0
1982.5,2,2.5,1.6,1995,2,523600.0
2885.4,3,3.2,9.9,1998,2,914500.0
1686.5,3,3.0,1.35,1993,1,449400.0
2906.2,1,2.2,6.89,1965,1,747600.0
2353.9,4,3.6,4.98,2022,2,719100.0
1718.8,4,4.1,9.54,1997,1,685000.0
2316.2,3,3.0,3.21,2023,2,642000.0
2486.3,1,1.5,5.79,2009,1,670400.0
2310.9,4,3.9,5.34,2021,3,759300.0
1214.9,3,3.7,7.33,2011,0,546200.0
1636.4,4,3.6,1.61,1999,1,493300.0
1876.2,4,4.1,2.74,1967,1,536700.0
1962.8,4,3.6,2.93,2020,1,571000.0
2310.3,3,2.9,7.64,1967,1,701700.0
2088.9,2,2.4,2.7,1999,1,558100.0
1332.3,3,3.3,6.16,1992,2,505200.0
2190.1,3,3.0,2.94,1993,2,604600.0
2305.3,3,3.1,8.75,2003,2,805300.0
2279.9,2,2.1,9.48,1974,0,729700.0
2540.4,2,2.3,5.67,1995,2,725700.0
2417.0,4,4.5,4.17,2019,1,713800.0
2229.6,3,3.7,3.11,2016,2,647700.0
1964.9,4,3.8,1.45,1994,1,521900.0
1169.5,4,4.1,3.42,2005,1,463100.0
2214.8,3,3.7,6.89,1981,1,696900.0
2103.8,3,2.8,5.8,1982,2,644300.0
2135.8,4,4.3,9.5,1999,0,784400.0
1361.6,3,3.7,4.57,2004,2,495800.0
1459.5,3,2.8,7.24,2014,0,562800.0
2526.6,2,2.2,5.4,2010,2,707700.0
1980.2,3,3.7,5.61,1981,3,617500.0
2340.8,3,3.3,3.41,1964,1,607800.0
2014.2,2,2.0,5.09,1990,1,552100.0
2014.9,2,2.3,5.24,1972,3,606500.0
2469.1,2,2.4,7.36,1987,2,729500.0
1742.0,2,2.7,9.47,2017,1,660400.0
2048.1,2,2.7,3.96,1979,2,552800.0
1768.9,3,3.7,1.38,1992,2,484400.0
1782.8,4,3.8,5.47,1975,0,585500.0
1845.4,3,3.3,5.9,2021,2,641300.0
2111.1,2,2.5,2.52,1988,1,524700.0
1760.6,1,1.7,7.84,1982,0,553300.0
2627.9,3,2.9,9.86,1983,2,847700.0
1552.7,3,3.7,9.51,1993,1,632200.0
1906.6,4,4.4,2.77,1966,0,531000.0
1780.1,3,3.2,8.88,1997,2,677200.0
2723.5,4,4.1,7.34,1996,2,836400.0
2098.3,2,2.2,5.08,2020,2,642100.0
2515.9,3,3.3,5.87,1963,3,697600.0
1257.2,2,2.7,8.65,1993,2,522600.0
2133.5,4,4.0,5.32,2001,0,649400.0
2444.8,3,3.7,4.36,1981,1,692300.0
2041.1,2,2.6,5.44,1964,2,618100.0
2532.7,2,2.4,6.21,2023,1,757900.0
1741.4,2,2.8,2.7,2009,2,500900.0
2704.7,3,2.9,9.11,2001,2,820400.0
3149.4,2,2.4,7.07,1982,1,794800.0
1818.6,3,3.1,6.7,2013,3,640200.0
1777.2,2,2.4,1.9,2019,2,490300.0
2726.7,3,3.5,6.44,1974,1,779500.0
2789.8,4,4.0,2.09,1990,3,729400.0
1738.6,4,4.3,1.71,2018,1,527100.0
1789.9,4,4.1,5.75,1968,1,578100.0
1859.1,2,2.3,4.63,2002,2,547100.0
1327.8,1,2.1,6.3,2017,2,506100.0
1540.7,3,3.0,1.8,2012,2,475500.0
1497.9,3,3.0,4.88,1984,2,517700.0
1616.1,3,3.3,2.57,1984,2,463500.0
1982.7,1,1.5,9.88,2020,1,704700.0
2117.1,2,2.0,6.05,2008,2,651100.0
2775.3,1,1.9,7.19,1980,2,737000.0
1500.8,4,4.0,3.93,1968,1,481000.0
2492.2,2,2.4,1.85,2014,0,607200.0
1893.0,3,3.7,9.78,2007,3,738800.0
1975.3,1,1.8,3.58,1997,2,555000.0
2337.4,3,3.6,4.81,1981,2,673600.0
1438.6,2,2.1,6.85,2002,2,531700.0
2191.2,4,4.1,1.22,1982,2,571600.0
2083.2,4,4.4,8.29,2008,2,754400.0
2246.2,2,2.6,5.83,1963,2,622700.0
2144.6,4,4.2,3.5,1988,0,592700.0
3227.7,5,4.6,1.55,1974,2,791800.0
1681.1,4,3.6,2.46,1960,2,500000.0
1734.5,4,4.0,9.06,2013,2,718000.0
1688.4,2,2.4,7.17,1989,2,608000.0
1722.3,3,3.6,3.25,1988,1,503700.0
1681.3,1,1.5,1.59,1979,1,425700.0
2594.5,1,2.2,7.22,1992,1,710900.0
2710.3,5,5.2,6.15,2000,1,805800.0
1714.6,2,2.2,4.64,2003,1,499100.0
1583.8,3,3.1,4.27,1995,3,525400.0
2235.7,4,4.4,2.95,2019,1,638700.0
1723.9,4,4.5,7.03,1981,1,634700.0
2316.5,5,4.7,9.74,1972,2,825000.0
2101.5,2,2.3,2.58,1966,2,507300.0
1242.1,1,1.8,6.37,1967,1,429200.0
2773.8,3,3.4,4.82,1987,2,741500.0
2897.9,2,2.3,5.02,2004,2,733300.0
1693.6,1,2.0,3.29,2002,1,454900.0
1806.1,3,2.8,8.43,1968,1,619200.0
2142.9,4,3.5,5.37,1984,3,692600.0
2167.2,3,3.1,5.89,2015,2,686400.0
2329.3,2,2.4,3.74,1975,2,613600.0
3005.1,3,3.1,2.64,1969,0,673700.0
1911.5,2,2.5,1.77,1970,1,484300.0
1600.9,1,1.6,7.43,1990,2,571500.0
1310.3,4,3.7,2.77,2023,1,439800.0
1634.5,3,3.1,7.21,1971,1,564900.0
1983.4,4,4.5,4.51,2019,2,658500.0
2897.3,1,1.7,4.74,1990,1,719100.0
1741.2,4,3.9,5.22,1973,2,571000.0
2111.9,3,3.3,4.31,2010,2,627900.0
1991.8,3,3.7,1.91,2003,1,531000.0
2594.2,3,3.0,3.79,1991,2,689100.0
3263.5,4,4.2,6.97,2009,0,929300.0
1734.6,3,3.5,6.99,2012,2,624100.0
1755.3,3,3.4,3.58,1976,1,529000.0
2522.1,5,4.3,5.14,1994,0,724600.0
2340.9,4,4.2,2.74,1960,2,607600.0
2923.4,3,2.8,2.89,1988,1,721800.0
2292.0,3,3.3,1.21,2010,3,611200.0
1820.4,3,3.5,9.07,2023,1,714600.0
2295.3,2,2.2,2.9,2020,1,580200.0
2554.4,3,3.6,3.05,1963,2,639600.0
2410.2,4,3.5,3.52,1982,1,663700.0
2253.6,4,4.3,2.15,1987,1,603100.0
2533.3,2,2.5,6.75,1975,2,700700.0
2584.6,3,3.0,1.68,2022,2,664600.0
2691.1,2,2.1,2.21,1971,2,612900.0
2324.4,5,5.2,6.8,2012,3,824400.0
1916.4,5,4.3,4.06,1980,1,622200.0
2073.4,3,2.9,7.37,2004,2,701600.0
2603.3,4,3.8,6.02,1976,1,767800.0
1591.5,3,3.4,3.3,1999,2,507100.0
2184.3,3,3.3,6.86,1972,1,680300.0
1803.3,1,1.4,2.05,2011,3,500500.0
2014.4,3,3.0,5.83,2017,2,658600.0
2639.2,3,3.0,4.93,1991,3,730400.0
2095.5,3,3.0,3.41,1996,2,566700.0
2023.2,3,3.2,6.44,2009,3,676400.0
1320.1,4,4.2,8.84,1974,2,612600.0
2373.1,2,2.2,9.99,1971,1,766300.0
2322.7,3,3.1,6.47,2020,1,727600.0
3081.6,3,3.1,4.64,2008,1,793200.0
1846.1,3,3.7,3.03,2016,0,512500.0
2109.6,3,3.7,3.31,1974,2,575700.0
2124.7,2,2.8,5.32,1993,2,620800.0
2788.7,2,2.2,4.31,1965,2,685300.0
1952.4,3,2.8,9.22,1976,3,712700.0
2139.5,3,3.1,4.31,2007,3,672600.0
2303.9,2,2.3,4.36,2008,1,631600.0
2093.3,3,3.3,4.45,2016,1,624200.0
1776.8,3,3.5,8.53,1979,1,641400.0
2097.0,3,3.6,6.86,1968,1,655400.0
2536.8,4,4.3,6.53,2018,2,785400.0
1486.7,2,2.4,4.01,1964,2,451600.0
2066.5,1,1.9,8.36,1982,2,663200.0
1649.9,4,3.8,1.35,1992,2,485000.0
2597.5,3,2.8,8.84,1997,2,823500.0
1238.4,3,3.5,5.61,2015,0,500800.0
1720.5,4,3.5,4.58,1973,2,530100.0
2188.6,4,3.9,5.47,1976,1,670000.0
2782.8,5,4.6,7.01,2016,1,851000.0
1967.1,3,3.4,1.11,1978,0,465700.0
1722.4,3,3.5,8.84,1992,1,637200.0
2940.6,3,3.1,5.02,1960,1,753500.0
1276.0,2,2.8,4.09,1972,1,411700.0
900.6,3,3.0,2.24,2005,2,330000.0
2220.0,2,2.4,4.96,1986,2,630300.0
1749.0,4,4.2,5.47,1965,1,554300.0
1489.4,3,3.4,4.63,2018,0,518200.0
2354.2,3,3.7,7.11,1965,2,718400.0
2121.9,3,3.0,4.79,1992,0,621500.0
1718.0,1,1.9,9.65,1989,3,668300.0
1359.8,1,1.9,6.39,2005,2,477900.0
2436.2,3,3.7,8.27,1994,1,771000.0
2325.1,1,1.4,1.98,1982,1,523400.0
1950.4,3,3.5,4.58,1969,0,566200.0
2923.3,4,4.1,4.03,2010,1,789400.0
1465.0,4,3.8,6.13,1978,0,531500.0
1237.2,3,3.2,8.75,2010,2,578200.0
1654.0,2,2.3,1.71,1987,1,412800.0
1977.2,4,4.1,1.65,1982,2,558800.0
2121.7,4,4.4,8.65,1963,2,740300.0
1879.4,2,2.6,2.92,1979,1,511300.0
2176.0,3,3.4,7.02,1978,0,662700.0
1374.2,2,2.5,5.89,2001,0,477500.0
2721.9,4,3.6,8.5,1986,0,810200.0
1958.9,5,4.5,2.13,2016,2,604900.0
2558.6,1,1.7,2.17,1993,1,571000.0
2171.4,4,3.8,6.01,1963,2,696900.0
2228.4,3,2.9,9.52,2015,1,753200.0
2284.9,5,4.8,4.73,1997,1,706000.0
2223.9,3,3.1,3.94,2021,2,673400.0
2321.4,4,3.8,6.46,1966,2,718700.0
2664.6,1,1.7,9.37,2007,1,799600.0
2098.3,2,2.1,8.53,2020,0,679700.0
2354.5,1,2.2,9.96,1966,2,718300.0
1955.1,5,5.1,1.2,2009,1,579000.0
2720.1,4,4.2,2.02,2011,1,723800.0
1661.8,4,3.6,6.49,1985,2,597900.0
2900.5,4,4.3,8.39,1985,1,856200.0
1979.9,1,2.1,3.57,2013,2,511300.0
1284.6,3,3.5,3.15,1978,2,416700.0
2064.1,1,1.4,8.08,1968,2,630100.0
1659.5,2,2.6,1.51,2020,2,489600.0
2420.3,2,2.8,4.32,1979,2,652700.0
1673.7,3,3.3,5.55,2001,2,582000.0
1776.9,2,2.6,6.04,2004,2,581300.0
1055.2,2,2.5,7.56,2009,1,479300.0
1773.8,2,2.5,4.19,1975,1,527200.0
788.1,2,2.0,6.51,2013,2,424100.0
1208.0,5,4.9,6.27,1976,2,509200.0
2380.2,4,3.6,5.93,1981,0,686500.0
2392.9,5,4.7,6.76,1972,2,748000.0
2212.7,3,3.0,3.34,1971,0,563300.0
1516.5,2,2.5,1.76,1969,2,412700.0
1976.1,4,3.6,2.07,1960,2,529100.0
1998.2,2,2.7,3.02,1991,3,551300.0
1420.8,2,2.8,5.5,1989,0,499800.0
2751.7,2,2.2,8.56,1967,2,781000.0
2438.7,2,2.1,7.31,1980,1,730900.0
1889.5,2,2.1,8.1,1981,1,614600.0
2013.4,3,3.6,4.16,1977,0,569500.0
2104.2,3,3.3,4.64,1961,2,596000.0
979.1,1,1.7,4.54,2007,1,374700.0
1876.4,2,2.1,2.73,2003,0,502200.0
1659.0,4,4.1,1.55,1968,2,479500.0
1499.2,2,2.9,6.32,1962,2,502900.0
1859.4,2,2.8,9.9,2013,2,691400.0
2898.8,4,4.1,2.5,1985,3,781100.0
2320.4,2,2.1,1.42,1980,1,527100.0
1714.4,1,1.4,8.02,1989,3,604500.0
2286.3,3,2.8,3.27,1987,2,589400.0
2699.7,2,2.3,8.47,1995,1,789000.0
2462.3,3,2.9,7.34,1985,1,734500.0
2029.8,4,3.8,9.51,1993,1,752200.0
1676.5,2,2.4,4.68,1967,1,452300.0
2349.1,3,3.7,6.96,1969,2,715900.0
2196.7,3,3.4,5.18,2007,2,651200.0
2447.6,2,2.8,6.68,2014,2,739100.0
2317.6,3,3.5,5.05,2002,2,668400.0
2524.8,2,2.1,2.7,2009,0,603500.0
1732.4,3,3.5,5.57,2013,2,596400.0
2658.7,1,1.5,5.76,1973,1,660100.0
2098.8,3,3.4,8.3,1999,3,725000.0
3037.6,2,2.3,7.62,2014,0,820200.0
1655.4,4,4.5,6.97,1974,3,600000.0
2868.0,1,1.5,2.02,1976,0,627800.0
2099.0,3,3.0,7.49,2012,1,678100.0
1674.3,3,3.7,5.5,1977,0,539300.0
1758.1,3,2.8,9.05,1991,2,677300.0
1839.8,3,3.4,9.28,1997,2,689300.0
2212.1,3,3.5,1.5,1982,1,537800.0
2261.4,4,4.3,8.39,2021,3,810500.0
1713.1,4,4.5,1.34,2005,2,528600.0
1987.8,2,3.0,4.3,1982,2,551500.0
3071.1,3,2.8,5.88,1994,2,823400.0
2863.8,4,4.3,2.33,1998,1,699800.0
2218.2,5,4.9,7.72,1974,1,741300.0
2019.0,4,4.1,1.08,2012,3,571600.0
2060.0,3,2.9,2.52,1983,3,549100.0
2306.8,2,2.7,6.23,2023,3,706800.0
1488.6,3,3.7,7.43,2022,3,601600.0
1871.3,3,3.7,9.25,1987,0,680200.0
1165.7,3,3.2,7.35,1975,2,524800.0
2199.6,3,2.8,7.05,1975,1,656200.0
2323.6,4,3.9,4.55,1999,3,690600.0
1758.4,3,3.6,1.01,1998,1,477900.0
2787.0,4,4.2,2.08,1965,2,706300.0
1387.1,3,3.2,5.81,1961,2,476800.0
1267.8,2,2.1,7.08,2013,1,510200.0
2112.2,3,3.2,4.76,1972,0,596400.0
2523.5,4,4.0,7.58,2003,2,804500.0
2842.0,2,2.9,5.7,2006,2,738400.0
1770.6,2,2.6,1.67,2018,0,475500.0
2539.3,5,4.6,2.73,1968,2,704700.0
1980.7,2,2.5,8.56,2022,2,701900.0
1913.7,3,2.8,7.52,1993,1,632100.0
2441.8,3,3.7,9.05,1976,1,770400.0
2326.2,3,3.1,2.06,1986,2,619700.0
1211.8,3,3.2,9.91,1988,2,605400.0
2738.3,2,2.4,2.88,1996,2,682200.0
2690.0,3,3.4,1.11,2002,2,656600.0
1687.2,3,3.4,9.98,1981,0,645800.0
2197.9,3,3.5,3.53,2010,1,617900.0
2247.0,2,2.3,7.01,2023,1,696600.0
2130.3,3,3.1,2.59,1983,1,567100.0
1724.8,2,2.1,6.22,1966,2,568700.0
1664.2,2,2.7,9.14,1993,3,663500.0
1987.2,2,2.0,3.88,2007,1,535100.0
2586.4,2,2.6,7.03,1971,1,724700.0
2271.8,4,4.4,2.69,1982,2,637700.0
1814.7,2,2.9,6.62,1974,2,597500.0
2385.8,4,3.9,4.03,2022,2,697100.0
600.0,5,4.7,2.9,1992,2,401200.0
2574.4,3,2.8,3.82,2016,2,683100.0
1130.1,2,2.7,2.61,1972,2,344400.0
1818.8,3,3.6,9.12,1982,0,664600.0
1440.2,4,3.7,4.57,1997,1,549300.0
1352.7,3,3.2,3.21,1991,1,429300.0
2580.4,1,2.1,5.04,2004,2,681800.0
1766.1,3,3.6,3.88,2009,3,588600.0
2173.3,4,3.7,7.7,1994,2,735000.0
1976.5,4,4.1,9.74,1960,0,703500.0
2238.5,2,2.2,4.94,2006,1,638200.0
2038.4,3,2.9,8.75,2017,1,725100.0
1358.5,2,2.9,6.09,2004,1,522300.0
2498.1,2,2.8,2.42,1964,2,616200.0
1753.1,4,4.3,7.22,2016,3,687000.0
1221.7,2,2.0,5.62,1972,3,458400.0
1785.9,2,2.8,6.86,2013,2,622100.0
2750.4,1,1.7,9.01,1964,2,786200.0
2425.1,4,3.8,4.96,2019,2,734200.0
1825.7,4,4.0,9.11,1991,1,699200.0
1825.4,3,2.8,7.76,2010,2,679000.0
1839.2,4,4.3,5.4,1980,2,636300.0
3038.4,2,2.6,6.43,1983,2,784600.0
2191.0,3,2.9,3.93,2023,1,633000.0
2215.0,3,2.9,9.85,2019,1,771700.0
2515.1,1,1.4,7.01,1977,1,678600.0
2119.4,3,2.8,1.39,1980,3,547000.0
1870.5,4,4.1,3.94,2013,1,606800.0
1901.8,1,2.1,6.61,1969,2,573300.0
1964.2,2,2.0,1.51,1983,2,454900.0
1981.4,2,2.0,1.21,1999,1,467700.0
2363.8,2,2.6,5.05,2006,2,683200.0
2026.0,4,4.3,3.99,1980,2,571000.0
2366.3,3,3.1,4.94,1984,1,678800.0
1959.6,3,3.1,3.36,2011,3,597700.0
2039.3,4,4.1,2.48,2019,1,615300.0
1000.9,2,2.3,7.2,2016,0,459600.0
2458.2,3,2.8,5.63,2018,2,697300.0
2173.2,3,3.5,2.8,2023,2,625100.0
2499.0,3,3.4,3.88,1982,3,699200.0
600.0,5,4.8,6.33,1981,2,449400.0
3044.2,4,4.2,1.65,1963,3,722100.0
1930.2,3,3.4,2.33,1993,2,539100.0
2554.1,4,3.7,1.66,2015,2,661600.0
1480.0,2,2.4,8.31,1965,2,544700.0
2306.4,1,1.4,7.77,1987,1,687200.0
1473.3,2,2.1,7.78,1990,3,550900.0
1688.1,2,2.7,7.45,1994,1,576200.0
2957.0,3,3.6,7.02,1998,2,829900.0
1904.7,3,3.7,5.29,2001,1,585000.0
2108.7,4,4.1,6.78,1982,2,698100.0
2435.0,3,2.9,1.35,1965,1,583200.0
2247.8,3,2.9,6.59,1975,0,658500.0
2075.2,1,2.1,8.0,1961,2,612000.0
2182.5,1,1.8,5.5,1983,1,608000.0
3201.7,3,3.4,4.22,1976,2,825600.0
1971.2,3,3.5,3.5,2004,0,554700.0
2100.5,4,4.2,6.79,1960,0,651000.0
2525.3,2,2.8,7.24,1965,1,720800.0
2552.8,1,1.3,8.84,1964,2,758600.0
2593.5,3,3.5,4.08,2016,0,692900.0
2319.4,2,2.9,7.93,2004,3,725700.0
1428.5,1,1.5,6.05,2019,1,508100.0
2816.7,3,3.4,8.95,2014,1,881600.0
1426.8,2,2.3,5.75,2009,1,507500.0
2151.3,3,3.7,5.66,1988,0,632100.0
1622.9,2,2.0,6.2,1971,2,544900.0
1967.9,2,2.6,7.74,1998,2,667300.0
2164.4,3,2.9,9.68,2006,2,756700.0
2160.7,4,4.2,1.66,1962,1,553200.0
2211.0,3,2.9,1.48,2007,1,542100.0
2806.9,4,3.7,9.44,1960,1,865900.0
2226.8,2,2.5,5.77,1986,3,651900.0
1877.9,4,4.4,6.53,2007,1,655200.0
2482.0,2,2.2,5.34,1983,2,674600.0
2594.7,3,2.9,1.84,2021,1,652300.0
1386.2,3,3.5,7.91,2003,1,592200.0
2298.7,4,4.0,7.73,1978,1,748200.0
2350.6,3,3.7,3.81,2018,0,651700.0
1851.2,1,1.4,3.76,1967,2,496000.0
2687.9,1,1.9,8.54,2014,1,794300.0
1925.0,4,3.7,1.65,2003,2,540200.0
2062.8,3,2.9,8.93,2006,0,709300.0
1913.5,4,4.2,3.31,1961,3,566100.0
2007.8,2,2.6,6.34,2020,1,646600.0
1451.9,2,2.8,9.42,1989,2,598200.0
1280.0,1,1.6,7.1,1989,2,479500.0
2797.3,5,4.7,4.73,2008,3,851100.0
1576.5,3,3.2,7.21,1998,1,601800.0
1504.3,4,4.5,4.1,2004,2,531000.0
923.3,2,2.3,3.5,1991,1,354500.0
1680.5,3,3.0,9.97,1960,1,644500.0
1338.5,3,3.1,7.76,1997,1,562500.0
2821.0,2,2.6,6.8,1972,1,760700.0
2504.9,4,3.8,4.2,1970,3,717300.0
1655.9,4,4.4,1.44,1969,0,459300.0
3126.2,4,3.8,1.28,2007,2,757000.0
2490.9,3,3.6,5.99,2018,2,768300.0
1837.6,2,2.1,7.86,1985,2,625900.0
750.3,2,2.7,5.84,2015,2,409200.0
3145.5,5,5.2,8.57,2014,0,965700.0
1305.2,1,1.4,1.3,1979,2,333100.0
1177.3,3,3.7,4.3,1976,1,431800.0
2511.3,3,3.2,3.13,1976,3,647800.0
3219.9,3,3.7,5.03,1963,2,805700.0
2692.1,5,4.9,1.65,1964,3,677900.0
2282.0,2,2.3,9.59,2019,0,734400.0
2297.4,2,2.2,3.01,1982,1,559600.0
2426.7,1,1.6,9.3,2005,1,746900.0
2379.5,3,2.8,4.83,2011,0,670100.0
2140.6,2,2.1,9.87,1969,1,700400.0
2052.1,2,2.1,5.99,2005,2,594900.0
1968.7,4,3.9,9.38,1987,1,750800.0
1623.0,4,4.3,1.05,1992,2,491800.0
1859.7,2,2.1,7.73,2002,2,643600.0
1153.5,3,2.9,9.13,1985,2,584200.0
1950.8,4,4.1,2.26,2014,1,555300.0
1505.7,1,1.4,1.87,2009,1,427000.0
1448.2,1,1.3,4.82,2007,1,444900.0
2089.9,2,2.2,9.4,1988,1,703600.0
2696.0,3,3.7,5.88,1986,2,743400.0
2459.2,2,2.8,5.75,1977,1,673700.0
1214.7,5,4.6,2.27,1999,2,462600.0
1505.2,3,3.4,1.01,2019,2,446800.0
2470.4,3,3.3,8.29,1969,2,774500.0
1508.8,2,2.7,1.79,2017,1,435800.0
1887.7,3,3.4,6.7,2001,1,628200.0
2275.0,3,3.4,9.23,1964,2,740800.0
1515.8,4,3.8,2.88,1969,1,479800.0
2052.7,4,3.5,6.99,2009,1,685600.0
1333.0,3,3.2,1.71,1980,1,405800.0
1699.3,4,4.4,6.43,1983,1,626300.0
2159.9,4,4.1,2.48,1997,2,584400.0
1203.5,4,4.3,7.62,1962,1,547400.0
2220.2,1,2.2,3.71,1999,2,615900.0
1990.2,1,1.4,5.17,1990,1,557100.0
2276.2,2,2.7,6.39,2021,2,709800.0
2112.0,3,3.4,2.54,2000,2,597000.0
2682.1,3,3.7,7.67,1996,2,808700.0
2062.6,3,3.7,3.72,2020,1,614500.0
1785.3,4,4.2,6.96,1961,0,586900.0
2061.1,4,3.7,2.42,1961,1,548900.0
2271.6,4,4.3,7.19,1998,2,758200.0
2024.4,2,2.1,2.15,2008,2,539600.0
2020.3,3,3.5,4.83,2001,2,640100.0
1649.0,2,2.9,3.22,2003,1,475000.0
1668.5,2,2.4,7.74,1993,2,590900.0
1298.7,2,2.6,3.36,2001,1,450200.0
2874.8,2,2.4,8.94,1979,2,832600.0
1378.1,3,3.2,9.03,1992,1,595700.0
1653.5,4,3.8,2.77,1963,2,493800.0
1640.8,2,2.8,6.52,2004,0,544900.0
2447.5,3,3.7,1.79,2003,1,643400.0
1852.5,3,3.7,4.52,1970,2,556000.0
2623.9,2,2.2,7.42,2020,1,755300.0
1663.3,3,3.6,6.93,2001,2,607000.0
2139.5,2,2.7,6.62,2006,2,639800.0
1582.3,3,3.0,3.54,1964,2,467800.0
3072.6,3,2.8,4.4,1984,1,756400.0
1406.2,2,2.3,1.93,2008,1,416500.0
2154.9,2,2.9,7.47,2019,2,696600.0
2316.9,3,3.4,5.53,1996,1,693300.0
2206.9,4,4.2,7.38,1993,2,759500.0
1907.4,2,2.3,3.24,1968,1,510100.0
1935.1,3,3.5,3.92,1965,1,544100.0
2021.9,3,2.8,4.01,1977,1,568500.0
1926.5,4,3.9,1.23,1973,0,471900.0
2481.9,4,4.1,4.07,1978,1,680100.0
3105.3,3,2.9,8.23,1973,2,862000.0
1721.3,3,3.6,9.08,1999,2,686500.0
1315.1,4,3.7,5.66,1976,1,544100.0
1955.9,3,3.4,5.1,2019,3,650000.0
3289.9,2,2.4,1.28,1994,2,700200.0
1598.2,1,1.8,8.91,1988,3,594100.0
2819.6,4,3.6,1.12,2001,2,693300.0
2838.9,4,3.5,9.5,1976,2,884700.0
1723.2,2,2.9,5.4,2018,0,545500.0
2284.5,3,3.0,4.08,2002,1,641400.0
2814.2,3,3.6,9.32,1967,0,814700.0
1810.4,2,3.0,1.22,1960,2,428200.0
1898.2,5,4.5,6.23,2004,1,681400.0
1709.2,2,2.3,5.94,2012,2,560100.0
1492.6,1,1.9,2.97,1995,1,426900.0
1675.4,3,3.7,4.86,1966,2,516700.0
1388.0,3,3.7,6.87,2005,0,573500.0
2017.0,1,1.8,7.54,1964,1,589900.0
1615.0,3,3.5,1.01,1983,1,427900.0
2116.9,3,2.9,9.43,1987,1,733200.0
1222.1,2,3.0,2.48,2021,1,398300.0
2165.4,2,3.0,3.1,2002,2,589100.0
2416.8,3,2.9,3.37,1976,0,620500.0
1003.1,2,2.3,1.34,1996,1,324900.0
2187.0,4,3.6,2.11,1979,2,596600.0
2613.8,4,3.8,9.88,1962,0,822000.0
1395.2,5,5.1,3.84,1996,3,539900.0
2836.3,2,2.4,2.04,1985,3,705500.0
2209.5,5,4.3,1.96,1974,0,598800.0
1647.5,3,3.1,7.48,2010,1,601800.0
1972.1,2,3.0,8.69,2007,1,687400.0
2279.2,1,1.9,3.31,1967,2,551400.0
2038.0,1,1.7,1.19,1972,2,459500.0
2269.4,3,2.9,3.01,2007,2,602600.0
1539.7,3,3.7,1.51,1962,2,419700.0
2084.7,2,2.8,1.93,1960,0,514300.0
1293.1,3,3.0,4.88,1968,2,470900.0
1944.4,2,2.1,3.07,1990,2,488600.0
1548.0,3,2.8,5.64,2000,2,568600.0
1632.2,3,2.9,3.28,2013,2,534400.0
2618.0,4,4.1,9.46,1985,2,851700.0
2545.7,4,4.4,9.15,1976,1,833400.0
2304.6,3,3.2,6.1,2015,1,691900.0
1453.8,3,3.6,4.19,1993,1,484000.0
1841.8,3,3.2,4.43,1968,0,554600.0
2606.5,4,4.2,4.71,2021,3,772000.0
2070.9,2,2.7,7.55,2015,0,639800.0
3159.7,2,2.2,5.06,2010,2,810800.0
2196.7,1,1.6,8.71,1972,2,675800.0
2096.0,3,3.4,9.5,1964,0,721700.0
1845.4,3,2.8,4.02,2000,3,573600.0
2066.8,4,3.9,6.05,1972,2,653300.0
1923.8,2,2.5,1.86,1960,2,488300.0
2354.1,3,3.7,2.8,1984,1,614200.0
2478.4,4,4.0,4.72,2023,0,711300.0
1607.0,4,4.3,2.86,2006,1,536400.0
1334.4,3,3.2,8.89,1963,1,561100.0
1081.9,3,3.5,2.42,1995,2,390400.0
2254.0,2,2.6,5.1,2022,3,676700.0
1448.3,4,4.4,6.45,2011,2,579500.0
923.6,2,2.4,7.23,1969,2,425000.0
2194.3,4,4.1,4.45,1987,2,657000.0
3246.5,3,3.4,8.82,2016,1,942600.0
1997.0,3,3.2,6.11,2021,2,683600.0
2419.2,1,1.4,4.96,1965,1,608400.0
2040.9,3,2.8,1.61,1986,2,539700.0
1950.6,3,2.8,5.18,2015,1,613400.0
2459.5,2,2.9,8.39,1971,0,741800.0
1854.9,3,3.0,6.53,2021,2,652900.0
2133.7,5,4.5,8.49,2011,2,786300.0
2160.8,3,3.5,5.45,2007,2,669500.0
1666.0,3,3.1,2.07,1962,3,451000.0
2496.0,1,1.8,1.12,2005,0,557600.0
1912.5,3,2.9,3.73,1992,2,562300.0
1622.1,2,3.0,7.28,1969,1,549700.0
2268.3,3,3.6,8.11,1990,2,759900.0
1550.8,4,4.4,3.66,1974,2,495900.0
2014.1,3,3.2,5.46,1966,1,590900.0
1995.4,1,2.0,4.79,1995,2,581300.0
2542.9,3,2.9,4.69,1973,2,690000.0
2237.3,3,2.8,3.08,2015,0,601700.0
1987.5,3,2.8,2.23,2007,2,553400.0
2408.9,4,4.1,2.77,1973,2,645100.0
2695.1,4,4.0,1.5,1962,3,639400.0
2278.9,3,3.3,2.78,2008,1,607500.0
2005.2,3,2.8,1.08,2012,0,532400.0
1344.1,2,2.4,6.65,2005,2,513000.0
1467.4,2,2.7,3.85,2009,0,457100.0
1847.4,3,3.2,9.76,1962,3,683400.0
1695.2,3,3.5,2.74,2021,0,508200.0
1906.5,3,3.0,4.11,1981,2,555000.0
2028.3,3,3.6,4.22,1978,2,600500.0
2264.8,1,1.8,1.08,1994,1,511300.0
1964.8,3,3.0,8.55,1971,0,668900.0
2243.3,2,2.2,1.29,2013,2,539000.0
2032.2,2,2.6,9.46,1964,2,681600.0
1012.3,4,4.3,9.03,1969,1,533300.0
1530.3,1,1.7,5.82,2000,3,525200.0
1928.0,3,3.0,5.89,1992,1,599000.0
1395.2,2,2.9,6.88,1972,1,521400.0
2300.0,4,4.2,4.48,2023,2,724700.0
2765.4,3,3.2,6.83,1994,0,764200.0
2609.4,2,2.5,1.4,2010,3,627400.0
1893.3,3,3.0,1.49,1991,1,485800.0
2745.4,3,3.4,5.12,1970,0,755300.0
2074.3,5,4.6,5.95,2007,1,693400.0
1831.5,2,3.0,8.99,1997,2,695200.0
1693.3,4,4.0,1.94,1983,2,480700.0
1848.8,4,4.0,8.4,1994,2,683200.0
1805.9,4,4.1,2.89,1978,0,510600.0
2085.2,3,3.7,4.55,1965,1,579700.0
2080.3,3,3.6,3.85,1999,2,606100.0
2001.5,3,3.2,4.6,2013,0,590500.0
2218.5,4,4.2,2.35,2004,2,611500.0
2595.3,3,3.3,5.53,2003,0,741800.0
2474.8,3,3.2,8.21,2021,2,821400.0
1257.6,3,2.9,4.97,2001,1,487500.0
723.0,3,3.2,5.42,1994,2,404000.0
2467.2,4,3.7,8.64,1963,1,778300.0
1316.6,2,2.9,7.35,1992,0,503800.0
1887.6,4,3.8,5.41,1972,1,586000.0
1414.9,3,3.7,3.32,2015,0,476500.0
1099.0,4,4.0,8.96,1995,1,550300.0
2270.7,3,3.4,6.19,2013,2,696900.0
2379.6,3,3.3,2.99,2002,2,658600.0
1711.7,4,3.6,3.42,1978,2,559800.0
704.5,2,2.4,8.23,2002,2,450800.0
1726.9,4,3.6,1.4,1971,2,494400.0
2195.9,3,3.4,9.93,1970,1,743600.0
1260.5,3,3.2,2.17,1965,1,358600.0
2091.7,2,2.8,8.16,2023,1,713800.0
1992.3,3,3.0,4.55,1971,2,590800.0
2289.6,2,2.2,5.43,1986,1,636200.0
2059.8,1,1.7,8.93,2000,0,657700.0
1513.5,2,2.9,4.72,1984,2,508800.0
2598.3,1,2.0,5.84,2001,1,680600.0
1920.7,5,4.7,1.44,1962,2,523200.0
1986.3,5,4.8,1.02,1962,2,522100.0
1533.4,3,2.8,3.2,1979,0,451200.0
1778.4,3,3.7,7.13,1987,0,592900.0
1557.6,2,2.7,2.09,1982,1,412400.0
1913.5,3,3.0,2.02,2007,2,523000.0
2855.9,4,4.1,4.7,1962,1,748400.0
1314.0,4,3.6,6.83,2001,2,541000.0
1193.2,3,3.7,7.41,1983,2,529100.0
2735.6,4,3.7,2.61,2002,1,724300.0
1895.3,2,2.6,1.72,1999,0,478500.0
1665.5,5,4.5,9.46,1965,2,712500.0
2520.0,1,2.0,3.35,1979,1,621500.0
1697.2,3,3.5,8.68,1970,2,649200.0
2913.0,3,3.4,8.77,1991,1,865300.0
2339.0,3,3.4,7.95,2019,2,773200.0
1756.0,2,2.9,2.52,1986,2,496100.0
3078.7,4,3.6,8.4,1980,2,897400.0
1697.1,2,2.3,7.92,2003,1,577300.0
2371.0,3,3.0,6.37,2007,1,722000.0
2149.6,2,3.0,4.03,2009,2,596000.0
2650.9,2,2.4,3.36,1972,1,625200.0
2780.8,3,3.5,2.1,1981,1,666800.0
2016.0,3,3.4,5.59,1994,3,644100.0
1623.3,2,2.2,6.27,2006,1,530900.0
2230.0,2,2.2,4.23,1981,0,582900.0
1661.1,3,3.0,5.28,1987,0,548100.0
3006.7,4,3.9,4.27,1980,2,773900.0
2068.3,4,3.7,6.77,2005,2,721000.0
1817.3,1,1.3,9.11,1977,1,585700.0
2092.3,3,3.6,2.48,1990,1,592500.0
1326.4,2,3.0,4.43,2019,1,466600.0
1514.2,1,1.6,2.27,2020,2,433600.0
2600.2,3,3.1,6.62,2005,0,723500.0
1671.6,3,2.8,7.56,1996,3,626300.0
1476.5,2,2.7,9.39,1980,1,592300.0
2268.3,2,2.8,3.51,1973,3,598800.0
2592.9,1,1.4,9.55,1984,1,758100.0
2359.5,4,3.7,1.57,1986,2,594900.0
2498.0,5,5.0,6.43,1999,1,803500.0
1621.6,2,2.6,1.51,2019,0,438600.0
1289.1,2,2.0,9.04,2019,2,602400.0
2750.7,4,4.1,5.77,1982,2,778200.0
1838.7,4,3.8,7.02,1990,1,639600.0
1874.6,3,3.1,8.48,2006,2,700800.0
2664.1,1,2.0,2.35,2019,2,620200.0
2278.1,1,2.1,1.35,1988,2,508100.0
2227.9,3,3.2,8.91,2006,1,770400.0
3082.5,3,3.7,3.83,1989,2,765700.0
1678.2,1,1.7,2.16,2010,1,414200.0
2463.9,3,3.5,5.22,1985,1,718900.0
2028.5,1,1.7,6.38,1979,2,574400.0
2134.3,4,4.4,1.28,1997,1,571300.0
2764.2,2,2.9,3.47,1978,0,664600.0
2253.9,1,1.3,1.3,1986,2,467300.0
2269.1,3,3.7,4.78,1984,2,652600.0
2536.3,3,3.6,9.06,1999,1,819000.0
1817.5,5,5.0,9.84,1997,1,753200.0
1580.4,3,3.0,6.73,2011,3,618200.0
1477.6,2,2.8,2.45,1982,1,412700.0
1016.8,3,3.6,9.15,1988,2,553100.0
3028.1,2,2.3,5.65,1974,2,764700.0
1448.4,4,4.5,2.38,2018,1,469500.0
1889.4,3,2.8,9.3,1962,3,663200.0
1861.6,3,2.9,7.82,1969,2,615600.0
2153.7,1,1.8,7.59,1974,1,650200.0
2407.9,3,3.3,7.38,2015,2,743900.0
2430.2,4,4.1,2.8,1975,2,652800.0
1708.5,4,3.5,2.9,1976,2,510800.0
1916.4,2,3.0,7.19,2023,2,659700.0
2141.3,2,2.0,2.98,1978,1,558700.0
1875.7,4,3.6,4.95,1970,1,575900.0
2803.7,4,3.5,8.04,2007,1,864400.0
2245.5,1,1.8,8.06,1964,0,645900.0
2367.4,3,3.7,5.08,1964,0,643400.0
2331.4,2,2.7,8.13,2023,2,790200.0
2586.7,4,4.3,8.55,2017,2,834900.0
2090.5,1,1.3,6.89,1973,2,629000.0
1351.6,2,2.5,3.06,2009,2,448700.0
2199.8,4,4.0,3.47,1985,2,623400.0
1674.3,1,1.7,3.83,1967,1,472700.0
1735.7,3,2.8,2.05,1964,2,437800.0
2293.2,3,3.4,3.46,1966,1,592000.0
2619.1,2,2.5,2.89,2022,3,665100.0
2010.6,3,3.5,5.1,1975,2,614500.0
2154.4,3,3.2,9.18,2014,1,737100.0
2851.1,2,2.1,1.94,1973,2,653800.0
2120.4,3,3.4,7.48,1996,2,700500.0
3300.8,4,3.7,7.19,2015,0,915000.0
2282.8,4,4.4,1.86,2000,2,628100.0
1119.6,2,2.6,9.3,1963,1,503700.0
2376.7,2,2.2,6.12,1995,0,648800.0
2190.6,2,3.0,4.27,2007,3,676800.0
2644.9,3,3.3,7.81,2015,2,812600.0
2336.6,3,2.8,3.32,1976,2,581600.0
1930.8,3,3.4,7.24,2006,2,658500.0
1387.9,1,1.5,1.36,1995,1,335700.0
1895.5,1,2.1,8.55,1965,2,631600.0
1574.7,3,3.6,5.03,1975,2,534300.0
1709.7,3,3.7,6.73,1988,3,623800.0
2294.3,2,2.5,2.99,1995,1,580200.0
2835.0,3,3.2,7.09,1997,2,816400.0
2197.3,2,2.8,7.95,1996,3,711100.0
1402.1,4,3.6,5.26,2007,2,543400.0
2222.3,4,4.0,6.56,2021,3,763300.0
2598.3,2,2.5,5.11,2016,1,715200.0
1695.1,2,2.1,9.05,2007,3,661600.0
1933.0,3,3.2,5.48,1969,2,603100.0
2007.3,2,2.9,8.58,2000,0,685800.0
1607.6,3,3.6,8.21,1995,3,645200.0
2324.1,4,3.6,4.69,1988,1,676700.0
1939.5,3,2.8,3.07,1973,1,542700.0
2209.8,4,3.8,4.65,1963,2,632200.0
1556.3,3,3.6,8.44,2003,0,600800.0
1781.3,2,2.1,3.05,2015,1,488300.0
2361.2,3,3.5,5.72,2001,2,710600.0
1813.6,3,2.9,8.25,2022,0,634400.0
2863.5,3,3.4,4.18,1995,1,750700.0
1800.2,2,2.4,6.78,2009,0,589900.0
2112.3,1,2.0,3.21,2004,1,561700.0
2466.3,5,4.5,1.98,1972,2,642000.0
1290.8,2,2.6,8.15,2005,2,550200.0
1119.6,5,4.5,1.89,2022,3,474200.0
1237.2,5,5.0,3.44,1977,2,498100.0
2631.3,4,4.4,8.7,1992,1,829200.0
1724.1,3,2.9,4.12,1980,3,541800.0
3279.1,3,3.6,9.76,1975,2,958800.0
1717.9,4,4.1,9.82,1974,2,700700.0
2092.3,2,2.1,3.41,2013,2,575600.0
2771.1,3,3.2,1.37,2016,3,710400.0
3003.0,3,2.9,7.35,1964,2,798800.0
3030.8,3,3.5,5.06,2020,1,810700.0
2604.2,3,3.5,1.91,1965,2,634100.0
2512.0,2,2.1,7.37,1997,0,728000.0
2296.3,3,3.3,1.28,1962,1,561800.0
2389.2,4,4.3,8.83,2007,1,828000.0
1724.4,2,2.9,2.25,1971,1,445900.0
1590.9,4,4.0,2.15,1995,0,495500.0
1998.3,3,3.7,2.58,1992,0,528500.0
1914.9,4,4.0,9.64,1995,2,755700.0
1773.4,3,3.1,7.24,1992,2,655100.0
2348.2,4,4.3,8.21,1990,3,811800.0
2477.7,1,1.7,4.58,1980,1,623400.0
2044.2,4,4.0,4.03,1986,2,612500.0
2738.8,1,1.7,3.11,1986,3,634000.0
1429.2,4,4.3,5.33,1967,1,522300.0
1903.2,5,5.1,5.97,2015,2,675200.0
1641.6,2,2.4,6.69,1996,2,558300.0
1066.7,2,2.3,3.31,2021,0,363400.0
1958.7,4,4.0,9.54,1991,2,736900.0
1939.1,2,2.6,2.53,2023,2,543400.0
2756.7,4,3.7,9.69,1985,0,867000.0
2315.4,2,2.8,1.13,1961,0,500500.0
1487.9,2,2.5,5.33,1971,0,485900.0
2927.0,5,4.6,4.0,1981,1,780800.0
2610.5,3,2.9,5.04,1976,2,696700.0
2291.0,4,3.7,6.14,1966,2,698400.0
1886.8,2,2.9,4.92,2002,1,600500.0
1520.3,3,3.1,4.73,1963,3,511600.0
1813.9,3,2.9,7.59,2023,1,651100.0
2544.4,3,3.2,7.17,1996,0,726600.0
2942.3,3,3.1,8.5,1997,1,860600.0
2771.6,3,2.8,3.25,1991,2,707100.0
1755.6,3,3.1,6.49,1970,1,572500.0
1440.2,2,2.5,6.27,1960,1,460900.0
2070.4,4,4.1,4.33,1984,0,596500.0
1115.8,2,2.4,5.37,2001,2,468600.0
2161.6,3,3.2,3.82,2011,3,660400.0
1926.2,2,3.0,2.28,1983,1,484700.0
1767.0,3,3.1,2.92,2012,1,535100.0
1202.6,3,3.0,1.95,2002,2,382100.0
2256.8,2,2.2,7.15,2015,2,726400.0
1733.6,1,1.7,6.95,2022,1,584400.0
1415.0,2,2.8,9.56,1976,3,614200.0
600.0,3,3.0,7.57,1967,2,378100.0
1986.2,4,4.2,1.47,2018,1,571200.0
2886.1,1,1.3,8.96,2004,2,829100.0
2830.6,3,3.2,8.76,1986,3,875600.0
1771.5,2,2.8,4.99,2011,2,581700.0
1698.9,3,3.1,6.27,1977,0,559400.0
2234.4,4,4.1,9.78,1986,1,777800.0
1500.8,2,2.2,5.79,1981,1,509800.0
2150.9,3,3.5,9.15,1975,1,724000.0
2383.0,1,1.3,1.75,1961,2,510900.0
2613.5,1,2.1,2.72,1964,2,588000.0
1949.9,2,2.2,4.97,1977,2,543000.0
1898.2,1,2.1,6.26,1962,3,562400.0
1561.0,3,3.1,8.35,1986,1,619200.0
1586.6,3,3.5,9.89,2013,2,685000.0
1886.8,3,3.1,4.5,1976,2,559200.0
2183.7,2,2.9,1.43,1975,1,527600.0
2456.8,2,2.1,8.21,1965,2,714200.0
1598.4,3,2.9,6.44,2010,0,569900.0
2746.3,5,4.7,2.79,1966,2,717500.0
1864.4,1,1.3,5.45,2009,2,573400.0
1989.3,4,3.7,7.68,1973,1,651200.0
1626.4,3,3.7,7.93,1997,2,617300.0
787.9,3,3.7,5.5,1999,2,395300.0
2442.0,3,3.1,3.75,1974,1,632700.0
2368.4,1,2.2,9.76,2006,0,766800.0
1859.3,1,1.8,6.97,2006,1,584800.0
2033.5,3,3.0,4.67,2007,2,613800.0
2258.0,2,2.7,3.52,1992,2,615600.0
1218.7,4,4.2,7.58,2002,3,598900.0
1735.5,3,3.7,3.18,1986,2,520700.0
2397.1,2,2.3,2.55,1988,2,605400.0
1372.9,3,3.4,5.77,2023,1,521400.0
2146.8,2,2.1,3.61,2016,2,617300.0
1321.7,3,2.9,6.66,1996,1,555200.0
2233.2,3,2.8,2.06,1964,1,553100.0
1982.2,4,4.5,6.89,1988,2,654300.0
1192.4,4,4.3,3.55,1991,0,431400.0
2582.4,3,3.5,1.0,2019,2,653300.0
1632.7,3,3.3,2.14,2012,2,487300.0
1594.9,4,3.8,9.4,1965,1,660800.0
2100.3,2,2.2,8.81,1961,1,674200.0
2574.3,1,1.5,3.1,1965,2,587300.0
1492.1,2,2.4,8.01,2005,2,584000.0
2030.8,2,2.8,6.48,2002,1,621300.0
2214.4,3,3.3,9.74,1963,1,736300.0
2346.6,3,2.8,4.36,2015,2,665700.0
2088.2,3,2.8,7.13,1988,2,692800.0
1816.5,1,1.4,1.57,2018,1,486200.0
1586.2,3,3.2,4.57,1984,1,490800.0
2043.1,2,2.9,9.67,1968,2,672000.0
1463.9,3,3.4,5.85,2015,2,555900.0
600.0,3,3.6,3.59,1962,3,294800.0
2218.3,2,2.5,2.08,1985,2,552000.0
2452.0,2,2.4,7.33,2007,3,762300.0
818.5,1,1.4,6.8,2002,1,415200.0
1495.1,4,4.4,4.37,1986,2,534900.0
2309.6,4,4.3,9.56,1995,0,791400.0
3028.7,3,2.9,1.2,1991,2,670100.0
2010.4,2,2.5,3.73,1960,1,525600.0
1636.0,3,3.2,9.29,2016,1,666000.0
1908.6,3,3.4,3.89,2012,2,597700.0
2687.4,4,4.4,3.27,2013,2,730100.0
1677.0,2,2.6,5.81,1975,0,513700.0
1600.4,1,1.8,8.41,2010,2,572900.0
1758.6,3,2.8,1.93,2007,1,456600.0
1523.3,3,2.8,9.49,1970,1,591400.0
2061.3,2,2.2,8.16,1985,2,647800.0
2812.3,1,1.3,2.63,1999,1,648900.0
2161.5,3,3.5,7.41,2022,3,733100.0
1873.8,4,4.2,4.46,2014,1,604400.0
1854.1,5,4.4,4.62,1960,2,582300.0
1218.4,3,3.6,8.05,1985,2,500300.0
2441.6,3,2.9,9.67,1987,1,815100.0
1961.1,1,1.6,2.14,2012,1,477300.0
1909.8,3,3.0,4.79,2017,2,603800.0
3596.6,3,3.1,5.33,1968,2,867400.0
2149.4,3,3.0,4.39,2019,1,649300.0
1624.1,3,3.2,4.27,2018,2,551000.0
1786.8,2,2.4,1.47,2003,0,439200.0
2574.2,1,2.2,7.17,1981,1,704900.0
2056.6,2,2.1,4.93,1967,1,589300.0
1280.9,1,1.4,2.75,2017,0,375700.0
2459.6,2,2.1,8.34,2008,2,762200.0
1665.9,5,4.9,8.22,2001,2,677900.0
2936.6,3,2.8,5.38,1986,3,764000.0
2540.0,3,3.6,3.69,1998,2,685600.0
1776.3,4,4.0,6.74,1978,3,645600.0
2640.5,5,4.8,3.59,1984,2,753400.0
2033.9,3,3.3,3.12,1997,2,544700.0
2426.4,4,3.7,7.57,1980,3,759600.0
2242.4,2,2.2,1.36,1983,2,523800.0
1576.8,2,2.3,1.85,1983,0,406100.0
1678.2,3,3.3,1.06,2019,2,478200.0
2515.0,3,3.0,2.38,2019,3,668500.0
1832.6,3,2.9,1.62,1978,2,490700.0
1798.2,2,3.0,9.96,2009,2,684400.0
1522.4,2,2.0,3.6,2006,2,488800.0
2211.8,3,3.6,2.34,1961,3,582200.0
3031.3,2,2.8,3.17,1973,0,694100.0
1466.2,3,3.0,9.43,2012,2,666200.0
2012.1,3,2.9,5.68,1991,1,642200.0
2706.1,3,2.9,4.28,2001,2,740800.0
1960.2,4,4.2,8.86,1991,2,684300.0
2226.2,4,4.1,4.55,1987,1,679100.0
1468.8,3,3.5,4.02,2007,1,511300.0
2214.2,3,3.7,2.87,1998,2,640100.0
1906.4,3,3.4,4.4,1999,0,588700.0
2492.9,2,2.2,3.85,2001,1,667800.0
2593.7,1,1.5,7.1,2006,2,747200.0
3294.8,2,2.8,3.61,1999,1,808200.0
2289.8,3,3.0,6.19,1972,1,697500.0
2162.9,3,2.8,1.59,1971,3,549800.0
2097.2,4,4.2,2.72,1967,1,548000.0
1823.4,2,2.4,4.67,1974,1,520300.0
2169.2,2,2.9,9.43,1985,2,736900.0
1852.3,5,4.9,4.4,1971,2,607000.0
2084.2,2,2.1,6.98,2002,3,649700.0
2658.8,3,3.7,3.3,2010,3,695900.0
1496.7,3,3.0,2.14,2005,2,448900.0
2569.9,3,3.1,1.53,1986,1,625900.0
2658.6,1,1.7,3.75,1977,0,645000.0
1941.0,1,1.3,2.42,2004,1,499400.0
939.1,2,2.5,2.57,1995,0,337000.0
1696.1,3,2.9,7.85,2022,2,649700.0
2648.5,3,3.2,1.14,2008,2,621000.0
1988.6,2,2.4,6.02,2010,0,600400.0
1500.3,3,3.5,4.42,1986,2,504400.0
1747.6,4,4.3,5.56,1968,1,574100.0
2420.3,1,1.4,6.07,2014,1,673100.0
2273.4,3,3.1,3.82,1998,2,643900.0
1880.5,3,3.1,3.66,1960,1,534900.0
1816.6,2,2.2,7.6,1966,1,584000.0
1804.1,2,2.8,8.84,1985,0,600800.0
1538.8,3,3.5,2.73,1966,1,439900.0
2807.7,4,3.7,1.88,2011,2,718200.0
1838.8,4,3.9,9.08,1966,3,717900.0
2608.6,3,2.9,4.15,1967,1,660200.0
2760.7,3,3.4,5.96,1975,1,761500.0
2499.2,3,2.9,4.24,1962,2,661500.0
1784.2,3,3.7,2.13,2004,3,529700.0
2201.9,3,3.5,6.3,1969,1,672100.0
1987.9,2,2.4,5.73,2009,1,599100.0
1548.1,3,3.3,2.83,1966,2,450100.0
2162.2,3,3.7,5.07,1980,2,641100.0
1410.5,3,3.3,8.17,2012,0,574800.0
2593.8,4,3.7,6.31,2021,2,805600.0
1767.7,1,1.6,1.87,1996,1,427300.0
2100.6,2,2.8,5.93,1990,2,637400.0
2141.6,1,1.9,7.32,1982,2,642500.0
1870.5,4,4.2,8.13,2016,2,718500.0
2293.3,3,3.6,6.66,1986,1,691500.0
1762.5,2,2.9,2.37,2015,1,490300.0
2435.6,3,3.7,7.39,1981,1,740800.0
1327.0,3,2.8,7.1,1998,2,548300.0
2063.2,4,4.0,1.22,2016,1,564600.0
2969.5,3,3.5,4.71,2021,1,823500.0
1499.8,3,3.5,4.0,1986,1,472800.0
1661.1,4,4.1,7.02,2013,2,645300.0
2257.0,2,2.2,2.95,2008,1,561100.0
2089.8,2,2.8,6.32,1963,1,615700.0
2175.3,3,3.5,9.22,1983,1,720700.0
2244.6,5,4.3,8.18,1982,2,768600.0
2317.4,3,3.2,9.29,2007,2,784900.0
2554.8,1,1.4,9.81,1978,2,775500.0
2204.9,2,2.3,1.1,2001,2,526400.0
1879.4,3,2.8,6.6,1962,3,604700.0
2336.3,2,2.4,4.72,1986,1,649600.0
2949.9,3,3.3,8.74,1962,3,869900.0
1933.7,5,4.9,3.27,1987,0,576700.0
1512.7,3,3.4,9.83,2022,1,659700.0
2553.5,3,3.6,6.52,1976,2,768400.0
1939.8,3,3.0,8.14,1990,1,664200.0
913.7,2,2.1,1.77,1969,1,270800.0
2423.7,4,4.4,2.65,2008,1,653500.0
1732.3,3,2.9,7.83,1981,2,615800.0
1954.7,3,3.7,1.2,1989,1,495500.0
2166.0,3,3.6,8.35,2021,2,736500.0
2095.2,3,3.3,1.13,2008,2,531400.0
2354.7,3,3.7,6.91,1980,2,709700.0
1782.3,1,1.3,4.29,1995,1,505400.0
2256.6,4,3.8,6.5,2012,3,740200.0
1870.2,4,4.1,7.26,1982,1,651900.0
2369.4,3,3.1,4.08,1997,0,659400.0
2307.7,5,5.2,1.97,1971,0,630300.0
1532.3,2,2.1,1.63,1984,2,406600.0
2543.0,3,3.3,6.3,2013,0,732800.0
1732.0,3,3.3,5.69,2016,0,570300.0
2404.0,3,3.4,7.68,1979,1,746100.0
2183.6,3,3.0,5.59,2008,1,659100.0
2919.1,2,2.4,4.8,2008,2,756900.0
1888.3,2,2.8,4.58,2001,2,558700.0
1825.3,3,2.9,1.24,1966,2,452600.0
1990.3,2,2.8,4.02,1988,1,559600.0
1848.4,3,3.3,9.78,2007,1,689800.0
2400.0,2,2.8,8.86,1988,3,784500.0
1191.8,1,2.0,3.96,1972,0,354200.0
1473.2,3,3.0,6.29,1962,2,522800.0
1466.1,3,3.3,8.63,1961,1,554900.0
2475.2,4,4.4,4.97,1975,3,724400.0
2855.3,3,3.2,1.16,1989,1,654700.0
1947.8,2,3.0,1.67,1997,1,497200.0
1915.6,4,4.0,5.59,1965,2,638700.0
2035.0,3,2.9,9.72,2004,2,747100.0
2580.9,1,1.6,7.24,1966,1,682600.0
1536.3,3,3.7,1.64,1964,2,419400.0
2119.2,4,3.8,2.7,2015,2,627600.0
2487.6,3,3.6,7.94,1966,0,758800.0
2250.5,2,2.9,8.57,1993,0,714900.0
2094.8,2,2.4,6.56,2022,1,669800.0
2500.5,2,2.1,6.8,1991,0,709200.0
648.4,3,3.5,1.26,2008,2,314800.0
2338.9,3,3.1,8.46,1972,1,705000.0
1673.0,1,2.0,8.09,1989,1,585700.0
1084.7,4,3.9,3.33,1984,1,429300.0
2255.6,4,4.0,7.38,1980,2,714400.0
2686.8,3,3.5,2.93,2019,0,677900.0
1931.3,4,3.9,1.36,2018,0,522100.0
2476.4,1,1.7,2.81,1980,0,556500.0
2806.1,3,3.1,2.61,1987,3,696900.0
2657.5,3,3.1,4.04,2007,0,702800.0
2820.0,4,4.0,4.77,2017,2,813300.0
2371.1,4,4.3,5.58,1979,0,709200.0
2037.7,2,2.4,5.29,1993,0,571700.0
1199.0,4,4.0,3.44,1964,2,420300.0
1877.0,2,2.7,1.26,1977,1,475200.0
1578.4,4,3.8,6.45,2019,3,637800.0
3085.5,5,4.5,4.56,1998,3,860100.0
1912.1,2,2.9,3.69,2002,2,561900.0
2061.6,3,3.5,8.8,2016,2,742500.0
2275.7,1,1.8,7.72,2016,1,701900.0
2021.8,3,3.4,8.72,1970,1,680700.0
2847.5,3,2.8,5.45,2013,3,804000.0
1688.7,3,3.4,2.18,1976,2,454400.0
2097.3,4,4.0,7.27,2007,2,714400.0
1628.8,3,3.3,2.85,2004,1,484200.0
1340.0,3,3.1,4.97,1981,0,458900.0
1694.1,4,3.6,1.59,1996,3,492700.0
1981.5,5,4.4,8.43,1979,1,712400.0
1785.3,1,2.2,2.13,2007,1,441000.0
1653.8,5,4.7,9.13,2019,0,712700.0
1296.8,1,1.7,8.78,2013,2,549400.0
1958.4,4,3.6,5.18,2013,0,602100.0
1247.6,2,2.0,7.7,2007,2,516100.0
2380.0,2,2.7,6.58,2007,0,697800.0
2041.2,3,3.3,8.23,2005,2,705600.0
1271.2,3,3.3,4.89,1965,2,449100.0
1845.4,3,3.0,8.07,1993,1,650300.0
1623.9,1,2.0,5.16,2022,2,535100.0
2159.6,3,2.9,9.47,1973,1,704100.0
2670.2,4,3.7,5.38,2007,1,775300.0
1062.4,3,3.2,5.16,1982,2,429300.0
2057.5,2,2.3,8.07,2021,1,688100.0
1919.9,3,3.0,8.39,1979,1,661100.0
2335.7,1,1.9,5.99,1972,1,619700.0
2106.6,4,4.2,2.62,2006,1,586500.0
1624.0,4,4.3,5.21,2003,2,584300.0
1840.5,3,3.2,9.71,2000,1,723900.0
1602.0,3,2.8,7.78,1991,3,595800.0
2538.0,4,3.8,8.3,1985,3,845300.0
2010.7,3,3.7,1.3,2009,0,519000.0
2950.6,4,4.1,5.21,2012,1,822700.0
1969.7,3,3.5,6.82,1973,2,626100.0
1645.8,4,3.5,8.47,2011,1,649200.0
1243.1,3,3.3,1.44,2016,0,381700.0
1098.4,3,2.8,8.67,1995,1,515400.0
1207.9,5,4.8,5.94,1967,2,520900.0
2133.6,3,3.7,2.78,1999,2,587900.0
2254.4,3,3.7,3.86,1981,0,636100.0
1209.4,2,2.5,3.54,1981,0,365400.0
2447.5,3,3.2,5.78,1975,3,711900.0
1758.5,3,3.7,1.47,1986,2,487100.0
2073.4,2,2.7,2.43,2015,2,544200.0
2806.1,1,1.3,8.31,2019,2,821100.0
2448.4,3,3.2,2.19,2020,1,631000.0
1865.7,4,3.7,3.1,2019,2,547600.0
1554.4,3,3.2,5.08,1969,1,517300.0
924.1,2,2.5,5.65,1984,1,380100.0
1640.4,3,3.3,7.87,1990,2,605000.0
1894.4,1,1.6,5.03,1980,1,537200.0
1506.4,3,2.9,8.11,1986,3,599300.0
1934.4,2,2.5,6.57,1976,1,608900.0
2038.4,2,2.8,2.02,1992,3,554700.0
1887.6,2,2.7,2.41,1990,3,506700.0
1675.0,3,3.1,4.93,2009,1,568100.0
2084.3,1,2.2,4.57,2001,2,572300.0
2221.0,3,3.7,7.69,1985,1,745000.0
1454.8,3,3.0,6.23,1980,3,534100.0
2705.5,3,2.8,4.49,1995,1,731300.0
1950.7,3,3.5,2.54,1960,2,534200.0
2009.4,4,4.3,3.04,1963,1,566500.0
2354.1,2,3.0,6.18,1963,1,646600.0
2116.6,3,3.6,4.81,1985,1,617200.0
2476.6,1,1.9,5.63,1963,1,604500.0
2143.6,1,1.8,2.54,2008,2,547600.0
1693.8,3,2.8,6.97,1968,2,589300.0
2180.8,3,3.0,8.67,1989,2,735600.0
1428.1,4,4.0,3.32,2010,1,453500.0
2054.3,3,3.4,5.42,2004,1,617400.0
1983.4,5,4.8,9.78,1963,0,725300.0
1895.9,1,2.0,4.0,1964,2,507800.0
1935.7,1,1.5,6.36,2020,3,622700.0
1059.1,1,1.8,1.81,2004,1,315200.0
1725.6,2,2.1,6.45,1982,0,554300.0
2046.4,3,3.2,1.81,1975,1,503500.0
2079.9,3,3.5,9.63,1981,2,748200.0
1486.2,1,1.9,7.44,1996,2,547300.0
2632.9,4,4.5,8.09,1967,2,821500.0
1566.9,4,3.8,7.34,2007,1,615900.0
2484.7,2,2.5,6.31,2021,2,761200.0
2213.6,1,1.6,5.05,1992,2,611900.0
1676.9,2,2.4,8.73,2014,1,617400.0
2887.7,2,2.9,9.61,2019,2,895800.0
1403.2,2,2.7,5.49,1997,0,493100.0
2459.6,3,3.6,9.38,2002,1,800300.0
2500.3,2,2.2,6.25,1975,2,711000.0
1664.7,3,3.6,5.85,1964,1,552900.0
2696.2,5,4.3,5.09,1975,2,736000.0
1875.0,3,3.6,2.88,1966,2,527100.0
2144.3,4,3.8,1.03,2010,1,561300.0
2130.2,2,2.3,3.17,1960,2,548400.0
1932.8,3,3.3,5.59,1968,2,612800.0
2405.4,3,3.7,4.42,1977,1,659400.0
2396.7,1,1.3,5.04,2004,0,648100.0
1125.7,1,1.6,9.83,2017,1,535400.0
2652.2,3,3.6,4.15,2006,0,715600.0
1168.8,3,3.1,5.07,1962,0,433000.0
2516.3,3,2.9,2.2,1983,1,614700.0
2563.4,3,3.2,1.43,1987,1,623900.0
1454.5,3,3.1,7.98,1969,3,571800.0
1794.6,1,2.2,6.14,1968,1,527900.0
1447.1,2,2.8,7.85,1972,2,530200.0
1892.5,2,2.5,2.35,2007,2,520600.0
1846.0,1,2.2,6.15,1994,2,579400.0
2389.8,5,4.7,3.28,2013,1,713700.0
2655.2,3,2.8,3.05,1982,3,692300.0
2697.8,3,3.0,1.1,2006,2,646700.0
1718.9,2,2.4,2.17,1976,2,437700.0
1895.4,3,2.9,3.78,2005,1,568000.0
1158.3,2,2.9,2.05,1966,0,346000.0
1597.1,1,2.0,9.87,2011,2,645400.0
2482.4,2,2.3,3.78,1975,0,627100.0
2807.8,4,4.1,2.17,2012,1,717300.0
1382.8,3,3.5,2.79,1999,1,439900.0
1703.8,3,3.7,6.29,1995,2,590300.0
1986.8,3,3.6,1.58,2022,3,564000.0
2140.1,4,4.0,8.76,1979,1,736300.0
1595.2,1,2.0,9.65,1983,2,609000.0
2212.0,2,2.6,3.22,2006,2,594700.0
1763.1,2,2.6,5.05,1964,1,516000.0
1992.8,4,3.6,1.2,2004,3,545400.0
2273.1,5,4.4,6.77,1965,2,744200.0
2003.2,2,2.5,4.73,1987,2,581500.0
1781.8,4,3.8,3.43,2018,1,565900.0
1945.2,4,3.5,2.86,2021,2,581300.0
1955.8,2,2.7,6.89,1964,1,579800.0
1815.0,3,2.8,4.75,2008,1,592000.0
1870.6,3,3.3,2.62,1998,1,535500.0
2799.3,5,4.8,7.2,1997,2,841800.0
2280.5,2,3.0,6.09,1961,2,660900.0
1852.3,4,4.0,8.73,2002,1,717000.0
2348.5,2,2.1,2.06,1998,0,561600.0
1833.1,3,3.3,8.07,2013,2,702700.0
2586.6,3,3.6,7.06,1980,1,759600.0
2184.8,3,3.7,2.04,1999,2,563500.0
1946.3,4,3.9,7.25,1996,0,672800.0
2223.9,4,3.8,4.97,2018,1,690300.0
1214.6,4,4.4,9.5,1977,3,603600.0
1436.6,1,1.4,2.27,2013,0,398300.0
1403.0,3,3.4,6.79,2007,1,530600.0
2071.5,2,2.4,4.44,2005,1,603500.0
2866.3,3,2.8,9.61,1971,3,860400.0
3115.7,3,3.1,3.97,1976,2,760300.0
2319.0,3,3.0,9.66,1996,1,777000.0
2250.4,3,3.4,9.11,2005,0,761200.0
1099.5,5,5.2,3.43,1997,2,473200.0
1728.7,2,2.3,8.23,1974,1,584600.0
1606.1,3,3.6,9.96,1966,2,643500.0
1689.6,3,2.8,3.27,1973,0,458000.0
1915.9,2,2.5,4.93,2009,0,564000.0
1764.0,2,2.1,5.68,1960,2,550900.0
1010.4,4,4.4,3.65,1997,1,425600.0
2374.0,4,4.3,1.14,1962,2,601800.0
1463.6,4,4.2,2.98,1996,0,499000.0
2119.6,5,5.1,3.54,2003,1,641700.0
3037.0,2,2.6,4.99,1990,3,783900.0
1540.3,3,3.7,2.54,2002,1,506300.0
734.9,3,3.5,8.86,1972,2,492000.0
1857.0,3,3.7,7.34,2007,1,629800.0
2550.5,3,3.3,1.77,2022,2,663300.0
2979.2,3,2.9,6.85,1977,2,820900.0
1385.2,3,3.3,6.88,2022,1,578000.0
2248.3,3,2.9,9.61,1976,2,746300.0
1767.3,2,2.6,1.03,1976,2,425200.0
1947.0,3,3.2,3.23,2020,1,562500.0
3322.2,3,3.4,9.35,1970,2,937000.0
1248.5,3,2.8,9.39,1979,2,585500.0
2126.9,2,2.2,7.49,1969,1,625900.0
2233.8,3,3.2,7.89,1988,1,705800.0
2542.9,1,2.2,1.82,2007,1,565500.0
2049.0,3,3.1,5.62,1993,1,643100.0
2154.0,4,3.9,3.08,1976,2,623500.0
1804.2,3,3.5,2.63,2013,1,525000.0
2134.6,2,2.6,8.29,2021,3,727100.0
1828.4,3,3.0,2.22,2011,1,523100.0
2310.8,3,3.2,5.22,2001,1,694700.0
1815.2,4,3.7,9.45,1972,2,703000.0
2188.6,3,3.7,2.67,2003,2,594100.0
1985.4,3,2.9,9.8,2006,2,714700.0
2563.0,3,3.1,9.95,1998,0,805900.0
1974.3,2,2.0,6.0,2023,1,620900.0
1113.5,2,2.2,2.53,1986,1,341100.0
2631.0,3,3.5,3.84,2013,3,732000.0
1547.1,3,3.0,4.82,2012,1,523300.0
1673.1,3,2.8,3.78,1985,2,498500.0
1702.2,2,2.5,3.53,1987,2,478500.0
2687.2,1,1.3,9.75,1972,1,801100.0
932.2,3,2.8,2.38,1971,2,348000.0
3568.9,2,2.8,7.6,2003,2,976400.0
2528.0,3,3.5,1.0,1987,2,616800.0
2111.6,1,2.2,6.37,1961,1,585000.0
1972.6,3,3.6,9.24,1996,1,733000.0
2142.8,4,4.2,3.59,2016,1,640200.0
2260.6,2,2.1,2.67,2016,0,577000.0
2322.6,3,3.5,6.87,1993,2,722500.0
2277.8,1,2.1,7.41,1982,2,628900.0
2044.8,3,3.5,7.19,2017,1,714500.0
1901.3,3,3.3,3.87,2021,2,599900.0
1924.4,3,3.0,3.27,2011,2,574900.0
1902.5,3,3.6,9.6,2004,1,715000.0
2566.9,4,4.2,9.31,1988,0,830000.0
2296.8,2,3.0,5.12,1994,2,645600.0
600.0,1,1.4,8.62,1970,2,392400.0
2328.0,4,3.7,5.07,2007,2,688200.0
2097.4,3,3.0,4.82,1992,0,607400.0
1990.6,4,4.3,2.41,2010,1,588600.0
1805.7,3,2.9,4.84,1970,0,530800.0
2562.1,4,3.6,5.84,1968,2,742300.0
2473.8,3,3.7,1.2,1973,2,580300.0
1613.6,3,2.8,5.0,2022,0,529100.0
2203.5,4,4.3,8.03,1968,2,739000.0
1514.2,3,3.1,7.12,1998,2,593300.0
1310.2,2,2.8,6.72,2007,2,496800.0
1686.6,2,2.6,9.19,1962,3,633900.0
2431.2,2,2.9,1.16,1988,0,545700.0
2476.6,2,2.9,6.01,1978,3,702400.0
2256.5,2,2.0,8.09,1995,0,670200.0
2362.5,3,2.8,5.87,1991,1,672700.0
2258.1,3,3.0,3.92,1966,2,624600.0
1679.3,3,3.4,2.23,2014,3,517400.0
2216.0,3,3.6,8.99,1987,2,747600.0
2400.2,1,1.7,5.24,2003,2,651000.0
2377.1,1,1.9,8.9,2021,2,764400.0
2594.5,2,2.2,6.27,1977,2,720400.0
2354.2,3,3.6,7.07,2019,0,734700.0
2175.7,2,3.0,8.24,2022,2,749600.0
2535.1,2,2.3,6.93,1964,1,715000.0
1986.7,3,3.2,4.58,1982,1,589400.0
1559.1,4,3.6,5.62,2014,1,578400.0
1918.5,1,1.8,8.23,1981,2,634300.0
1627.5,3,3.3,4.36,1985,3,541300.0
