tenure_months,monthly_spend,support_tickets,contract_type,paperless_billing,usage_gb,churn
13,24.86,3,One-Year,Yes,431.2,0
2,85.03,0,One-Year,Yes,455.5,1
68,131.07,1,One-Year,Yes,453.0,1
48,96.44,2,One-Year,Yes,417.1,0
3,55.99,0,One-Year,Yes,209.2,0
68,71.7,2,Month-to-Month,No,87.9,1
6,108.43,2,Month-to-Month,No,173.6,1
5,135.81,2,Month-to-Month,No,386.0,0
3,25.34,0,Month-to-Month,Yes,124.1,1
10,29.3,0,Month-to-Month,No,244.4,0
43,62.26,2,Month-to-Month,No,287.0,1
19,50.26,0,Month-to-Month,Yes,305.9,1
14,54.44,2,One-Year,Yes,468.5,1
21,48.77,1,Two-Year,Yes,334.1,1
43,45.46,3,Two-Year,Yes,395.3,0
28,36.98,1,Month-to-Month,No,295.1,0
21,141.41,0,Month-to-Month,Yes,418.5,0
36,38.74,3,Month-to-Month,Yes,139.2,0
24,46.57,1,Two-Year,Yes,112.8,0
54,52.01,3,One-Year,Yes,463.9,0
38,141.29,3,Month-to-Month,Yes,349.8,0
17,118.24,2,Two-Year,No,339.0,1
22,122.66,1,Month-to-Month,Yes,239.0,1
45,33.62,2,Two-Year,No,194.6,0
61,128.72,2,Month-to-Month,Yes,282.3,0
11,73.07,3,Month-to-Month,Yes,69.1,1
61,54.17,1,One-Year,Yes,232.8,0
38,94.85,2,Two-Year,No,233.1,0
66,126.88,1,Two-Year,Yes,273.8,0
33,121.22,3,One-Year,Yes,321.0,0
43,135.7,1,Month-to-Month,Yes,479.1,1
31,140.66,0,Month-to-Month,No,329.6,0
35,50.96,1,Two-Year,Yes,443.0,0
37,75.1,2,One-Year,Yes,282.6,0
47,21.9,1,One-Year,Yes,317.2,0
23,134.31,2,Month-to-Month,Yes,44.2,1
36,40.09,0,One-Year,No,75.3,0
40,131.99,1,Month-to-Month,No,294.0,1
15,62.82,2,One-Year,Yes,203.9,1
37,67.86,2,Two-Year,No,401.4,0
4,25.09,2,One-Year,No,276.2,1
22,62.49,3,Month-to-Month,Yes,442.3,0
22,135.49,4,Month-to-Month,No,486.4,1
17,23.32,3,Month-to-Month,Yes,82.3,1
38,72.82,2,Two-Year,Yes,203.5,0
24,24.08,0,Month-to-Month,Yes,335.8,0
6,68.22,4,Two-Year,Yes,159.7,0
68,42.44,3,One-Year,Yes,140.8,0
6,52.79,0,One-Year,No,408.7,0
26,134.09,1,Two-Year,No,490.4,0
41,76.69,4,One-Year,No,389.2,1
38,55.59,4,Two-Year,Yes,266.6,0
43,96.61,1,Month-to-Month,No,226.8,1
53,38.47,4,One-Year,Yes,274.4,0
15,53.72,3,One-Year,Yes,236.8,1
56,91.01,0,Month-to-Month,Yes,256.4,0
56,50.88,3,One-Year,Yes,109.7,0
31,108.29,0,One-Year,Yes,452.8,0
57,83.89,1,Two-Year,Yes,379.7,0
51,120.36,3,Month-to-Month,No,343.7,1
24,143.27,3,One-Year,No,475.5,1
58,35.05,1,Month-to-Month,No,149.4,1
4,63.51,5,One-Year,Yes,49.8,1
10,61.54,7,Month-to-Month,No,414.8,1
63,39.65,2,One-Year,No,499.2,1
15,125.34,0,Month-to-Month,Yes,293.4,0
63,118.78,1,Month-to-Month,No,38.8,0
19,82.98,4,Month-to-Month,Yes,392.4,1
63,89.91,1,Month-to-Month,Yes,46.1,1
56,27.74,1,One-Year,Yes,274.6,0
21,92.22,2,Two-Year,Yes,146.0,0
34,122.87,1,Month-to-Month,No,458.4,0
17,94.6,1,Month-to-Month,Yes,231.2,1
18,54.49,2,Month-to-Month,Yes,450.2,1
66,106.78,0,One-Year,No,156.5,0
51,66.99,1,Month-to-Month,No,199.8,0
65,90.83,0,Month-to-Month,Yes,474.1,0
43,83.38,2,Month-to-Month,Yes,108.6,0
57,69.55,1,Month-to-Month,Yes,293.5,0
10,113.45,0,Month-to-Month,Yes,200.4,1
37,134.9,1,Month-to-Month,Yes,389.3,0
48,20.68,0,One-Year,Yes,73.4,0
69,141.37,1,One-Year,No,224.2,0
56,86.5,0,Month-to-Month,No,352.5,0
36,111.1,4,One-Year,Yes,209.4,0
31,131.23,3,Month-to-Month,Yes,38.7,1
55,80.72,0,Two-Year,Yes,355.5,0
38,128.55,4,Month-to-Month,Yes,256.6,1
15,43.09,1,One-Year,Yes,15.5,1
16,40.69,1,One-Year,Yes,310.2,0
53,105.47,3,Month-to-Month,Yes,460.7,1
56,133.12,2,Two-Year,Yes,64.4,0
7,136.02,1,Month-to-Month,Yes,299.4,1
57,103.69,0,One-Year,Yes,367.0,1
55,88.31,2,Month-to-Month,Yes,44.7,1
52,63.08,4,Month-to-Month,Yes,21.1,0
4,147.4,0,One-Year,Yes,237.5,0
43,61.56,1,Month-to-Month,Yes,397.7,0
40,116.74,1,Month-to-Month,Yes,88.8,1
30,89.16,2,Month-to-Month,Yes,420.0,1
10,99.11,4,One-Year,Yes,331.7,1
7,71.15,2,Month-to-Month,No,172.8,1
36,145.43,1,Month-to-Month,Yes,262.8,1
35,94.32,1,One-Year,Yes,483.1,0
39,141.91,0,Month-to-Month,No,116.1,1
36,20.99,2,Month-to-Month,No,254.8,0
20,94.45,2,Month-to-Month,Yes,316.0,1
49,113.23,1,Month-to-Month,No,77.6,1
59,116.86,0,Month-to-Month,Yes,31.3,0
49,137.65,0,Two-Year,No,16.6,0
26,20.57,1,Month-to-Month,Yes,169.1,0
36,20.04,0,Month-to-Month,No,46.2,0
43,81.39,1,Month-to-Month,No,403.8,1
43,23.81,3,Month-to-Month,Yes,498.7,0
33,146.69,1,One-Year,No,40.0,1
45,48.87,3,Month-to-Month,Yes,222.0,1
45,81.45,4,Month-to-Month,Yes,22.6,1
15,27.95,0,Month-to-Month,Yes,75.7,0
17,87.87,1,Two-Year,No,168.2,0
12,69.39,3,Month-to-Month,Yes,202.9,1
22,25.81,0,Month-to-Month,Yes,470.5,0
23,63.57,0,One-Year,Yes,204.0,0
12,70.89,2,Month-to-Month,Yes,253.2,1
68,148.69,1,One-Year,Yes,130.3,1
51,47.03,0,One-Year,No,10.1,0
13,90.82,2,Month-to-Month,No,450.7,1
57,148.35,2,One-Year,Yes,50.0,0
55,122.96,3,Two-Year,Yes,482.5,0
28,149.14,1,One-Year,Yes,74.1,1
44,145.88,2,Two-Year,Yes,306.4,0
19,83.64,0,Month-to-Month,Yes,499.7,0
46,110.53,1,Month-to-Month,Yes,77.8,1
3,34.36,0,Two-Year,Yes,217.7,1
20,77.35,0,Month-to-Month,Yes,392.4,0
25,125.17,1,Two-Year,No,25.8,0
56,85.69,1,Month-to-Month,No,348.0,0
61,111.35,0,Two-Year,Yes,49.4,1
55,116.95,1,Month-to-Month,Yes,125.9,1
35,52.95,0,Month-to-Month,Yes,88.4,0
59,133.84,1,Two-Year,No,454.6,0
39,79.78,0,Month-to-Month,Yes,98.4,1
57,47.32,0,Month-to-Month,No,29.8,0
67,132.5,0,Month-to-Month,Yes,297.9,1
34,74.32,3,One-Year,Yes,179.6,0
41,117.54,0,Two-Year,Yes,208.8,0
22,91.24,2,Month-to-Month,Yes,68.3,1
27,69.64,1,Month-to-Month,Yes,376.6,1
21,125.28,0,Month-to-Month,Yes,304.8,1
41,95.98,4,One-Year,No,188.5,1
31,70.77,0,Month-to-Month,Yes,94.1,1
27,34.25,1,Month-to-Month,Yes,300.8,0
37,136.41,2,Month-to-Month,Yes,391.5,1
66,24.61,2,One-Year,Yes,163.1,0
54,132.21,1,Two-Year,Yes,22.7,0
9,66.79,2,One-Year,Yes,115.0,0
42,103.11,0,Month-to-Month,Yes,344.4,0
36,139.89,3,One-Year,Yes,494.7,1
10,39.72,2,One-Year,Yes,16.6,0
59,93.7,2,Month-to-Month,Yes,160.0,1
40,119.38,3,Month-to-Month,No,40.4,0
54,118.49,1,Month-to-Month,Yes,165.0,1
39,88.33,2,One-Year,No,208.9,0
7,101.22,0,One-Year,Yes,461.2,0
4,118.48,3,One-Year,Yes,49.5,1
15,129.33,2,Month-to-Month,Yes,390.8,1
48,119.04,2,Month-to-Month,Yes,203.8,1
6,66.02,0,Two-Year,Yes,407.5,0
35,149.57,2,Month-to-Month,Yes,261.6,1
71,76.49,2,Two-Year,Yes,29.2,0
68,23.18,1,One-Year,Yes,473.6,0
58,67.14,1,Month-to-Month,No,50.5,0
19,36.61,1,Month-to-Month,No,302.9,1
62,35.79,1,Two-Year,Yes,440.1,0
71,56.6,0,Month-to-Month,Yes,49.1,0
10,26.94,3,Two-Year,Yes,281.4,1
25,109.51,1,Month-to-Month,Yes,413.9,1
44,29.62,2,One-Year,No,493.3,0
58,46.43,1,Two-Year,Yes,364.9,0
25,32.08,3,Two-Year,Yes,146.4,1
40,28.21,5,Month-to-Month,Yes,352.8,0
70,54.81,2,One-Year,No,355.8,0
10,94.35,1,Month-to-Month,Yes,353.0,1
66,145.41,1,Month-to-Month,Yes,428.6,0
25,133.82,1,Month-to-Month,Yes,52.8,1
71,133.87,0,Month-to-Month,Yes,63.1,0
11,42.89,0,Month-to-Month,Yes,323.9,1
36,54.44,2,Month-to-Month,No,477.4,1
49,29.93,1,Two-Year,Yes,238.3,0
48,121.2,2,One-Year,No,480.7,0
7,29.08,5,Month-to-Month,Yes,469.7,1
51,92.37,4,Two-Year,Yes,452.4,0
17,52.22,0,Month-to-Month,No,455.8,0
32,51.65,0,Month-to-Month,Yes,450.2,0
26,148.79,2,One-Year,No,411.7,1
22,118.38,2,Month-to-Month,No,350.5,1
13,128.8,2,One-Year,Yes,22.0,0
12,94.36,1,Month-to-Month,No,74.8,1
71,133.23,1,Month-to-Month,No,75.8,1
1,103.91,2,Month-to-Month,Yes,21.5,1
33,143.0,1,Two-Year,Yes,67.2,1
14,56.57,4,One-Year,Yes,460.7,1
64,97.39,0,One-Year,Yes,335.3,0
43,109.72,3,One-Year,Yes,162.9,1
58,71.08,6,Month-to-Month,Yes,398.7,1
41,134.36,4,One-Year,Yes,249.3,0
68,147.37,2,Month-to-Month,Yes,79.6,0
39,84.19,2,Month-to-Month,Yes,443.4,1
1,70.78,1,One-Year,Yes,175.9,0
41,81.35,2,Month-to-Month,Yes,352.4,0
45,130.86,2,Month-to-Month,No,152.4,1
13,103.91,2,Two-Year,Yes,255.0,1
71,25.82,2,One-Year,Yes,410.0,0
9,90.48,2,One-Year,Yes,86.8,0
63,22.25,0,Month-to-Month,Yes,488.9,0
23,121.21,1,Month-to-Month,Yes,44.4,1
54,62.68,0,One-Year,No,271.7,0
47,81.36,1,One-Year,Yes,458.9,0
39,123.83,2,One-Year,No,473.4,1
26,26.04,1,Two-Year,Yes,123.7,0
1,40.61,1,Two-Year,Yes,80.6,0
14,71.73,2,Month-to-Month,No,365.0,1
65,49.89,2,Two-Year,No,30.6,0
69,63.93,2,One-Year,Yes,247.8,0
67,149.76,0,One-Year,No,400.2,0
49,127.3,1,Month-to-Month,Yes,284.5,1
50,134.91,2,One-Year,No,102.1,0
58,141.82,3,Two-Year,Yes,248.7,1
53,64.32,1,One-Year,No,461.4,1
57,58.62,3,One-Year,Yes,312.4,1
18,50.43,2,Month-to-Month,Yes,363.5,1
16,127.92,0,Month-to-Month,Yes,174.8,1
2,108.34,2,Month-to-Month,Yes,102.4,1
13,50.7,1,Month-to-Month,Yes,135.3,0
45,69.01,2,One-Year,Yes,271.3,0
43,85.87,2,Month-to-Month,Yes,147.3,0
54,88.66,0,One-Year,No,275.6,0
31,135.53,0,Month-to-Month,Yes,356.8,1
9,69.47,2,Month-to-Month,No,369.9,1
48,138.11,2,Month-to-Month,Yes,90.7,1
18,77.38,2,Two-Year,Yes,377.7,0
11,117.03,2,Month-to-Month,Yes,339.6,1
62,140.93,4,Month-to-Month,Yes,15.9,1
19,137.98,1,Two-Year,Yes,38.8,0
24,27.4,1,Two-Year,Yes,326.7,0
13,46.74,1,One-Year,Yes,198.0,0
46,82.0,3,Month-to-Month,Yes,81.6,1
53,76.1,0,Month-to-Month,Yes,31.8,1
29,103.32,2,Two-Year,No,88.1,0
36,142.81,0,Two-Year,No,479.2,1
71,34.61,1,One-Year,No,366.5,0
17,78.74,2,Month-to-Month,No,268.6,1
48,45.01,2,Month-to-Month,Yes,471.4,0
24,136.23,4,Month-to-Month,Yes,313.4,1
54,145.4,2,One-Year,No,365.6,0
1,82.23,1,Month-to-Month,Yes,148.5,0
67,33.52,3,Two-Year,No,298.6,0
6,122.09,2,Month-to-Month,Yes,80.3,1
55,110.63,4,One-Year,Yes,208.2,1
38,66.11,0,Month-to-Month,Yes,26.3,0
33,135.36,1,One-Year,No,116.1,1
8,146.86,4,Month-to-Month,No,46.7,1
20,92.52,0,One-Year,No,200.0,0
55,93.54,1,One-Year,Yes,423.1,1
48,58.68,1,Month-to-Month,Yes,195.2,0
56,95.99,3,Two-Year,Yes,417.5,0
10,77.15,1,One-Year,No,331.7,0
52,59.28,1,Two-Year,Yes,259.7,0
50,28.73,2,Two-Year,Yes,126.1,0
34,52.85,3,Two-Year,Yes,461.9,0
36,45.72,0,Month-to-Month,Yes,36.6,0
61,90.47,1,Month-to-Month,Yes,347.6,0
16,98.22,3,Two-Year,Yes,314.4,0
18,99.11,0,Month-to-Month,Yes,226.1,1
71,70.46,1,Month-to-Month,No,127.8,0
47,74.76,1,One-Year,Yes,221.0,0
32,128.45,0,Month-to-Month,Yes,437.7,1
43,81.91,1,One-Year,Yes,420.0,0
40,148.41,2,Two-Year,No,471.3,0
65,77.15,3,One-Year,Yes,160.8,1
35,104.45,2,Month-to-Month,Yes,199.7,1
69,26.55,3,Month-to-Month,Yes,19.2,0
50,104.93,0,Month-to-Month,Yes,472.0,1
12,130.69,2,Month-to-Month,No,171.4,1
58,142.52,3,Month-to-Month,No,208.0,1
63,149.65,0,Month-to-Month,Yes,454.8,1
49,56.68,3,One-Year,Yes,268.0,0
36,94.8,2,One-Year,Yes,287.4,0
54,78.59,2,Two-Year,Yes,96.4,0
47,93.3,5,One-Year,No,254.3,0
32,40.47,2,Month-to-Month,Yes,459.9,0
53,131.3,1,One-Year,Yes,283.8,0
32,138.24,2,One-Year,No,135.0,0
62,78.46,6,Month-to-Month,Yes,25.3,1
37,56.46,1,One-Year,Yes,174.8,0
38,38.31,2,Month-to-Month,Yes,290.6,1
30,108.89,0,Month-to-Month,Yes,30.9,1
58,60.59,5,Two-Year,No,308.8,1
32,138.24,3,Two-Year,Yes,266.5,0
66,107.23,5,One-Year,Yes,393.9,0
51,103.94,2,One-Year,Yes,24.2,0
11,92.72,0,Two-Year,Yes,392.6,0
59,25.95,0,Two-Year,No,265.2,0
20,141.15,1,Month-to-Month,Yes,191.6,1
37,101.63,1,One-Year,No,483.0,0
49,149.23,3,Month-to-Month,No,88.5,1
19,89.86,1,Month-to-Month,No,275.2,0
55,112.31,2,Month-to-Month,No,167.3,1
40,27.31,3,One-Year,Yes,268.5,0
7,102.13,1,Two-Year,No,280.6,0
5,119.4,1,Two-Year,Yes,53.8,0
42,121.21,4,Month-to-Month,Yes,334.0,1
48,120.11,2,One-Year,Yes,320.9,0
7,49.42,2,Month-to-Month,Yes,387.0,1
11,146.8,2,Month-to-Month,Yes,54.4,1
49,149.37,3,Two-Year,Yes,155.7,1
30,29.83,1,Month-to-Month,Yes,328.6,0
41,141.74,0,One-Year,Yes,77.0,1
3,57.63,0,Month-to-Month,Yes,342.0,0
40,109.61,4,Month-to-Month,No,38.9,1
51,63.95,2,One-Year,Yes,174.1,0
32,145.81,2,Month-to-Month,Yes,424.9,1
48,33.2,1,Month-to-Month,Yes,389.4,1
71,84.71,2,Month-to-Month,Yes,325.9,0
71,75.65,1,One-Year,Yes,436.5,0
20,62.38,1,Two-Year,Yes,357.5,0
35,103.92,1,Two-Year,Yes,264.5,0
24,37.04,1,Two-Year,Yes,490.1,0
40,113.17,0,Two-Year,Yes,350.5,0
52,147.48,1,Two-Year,No,304.7,0
39,124.59,1,One-Year,Yes,210.3,0
68,131.8,2,One-Year,No,452.2,0
61,66.75,1,Month-to-Month,No,154.9,0
65,62.24,3,Two-Year,Yes,14.5,1
62,87.22,2,Month-to-Month,No,106.4,1
2,25.94,3,Month-to-Month,No,63.7,1
6,142.9,2,Two-Year,Yes,166.3,0
43,38.69,4,Month-to-Month,Yes,414.7,1
40,137.39,0,Two-Year,Yes,329.2,0
39,30.87,3,One-Year,Yes,92.8,0
28,126.94,4,Month-to-Month,Yes,396.5,1
63,39.76,2,One-Year,No,257.1,0
64,24.96,5,Two-Year,No,261.2,0
12,113.53,2,Month-to-Month,Yes,187.4,1
41,56.43,1,One-Year,No,433.7,0
29,112.88,2,Two-Year,No,166.0,0
23,92.16,3,Month-to-Month,Yes,56.1,1
51,34.14,0,Month-to-Month,Yes,158.3,0
45,141.18,1,Month-to-Month,Yes,360.5,1
22,78.8,1,Month-to-Month,No,332.2,1
10,115.48,1,Month-to-Month,No,102.1,1
7,85.13,2,One-Year,Yes,64.8,1
15,98.57,4,Month-to-Month,Yes,333.8,1
46,59.36,4,Two-Year,No,341.4,0
61,46.05,3,Month-to-Month,No,189.4,1
61,90.53,2,Month-to-Month,Yes,423.0,1
51,77.23,6,One-Year,Yes,489.3,0
38,70.71,4,Two-Year,No,110.8,1
12,107.43,0,One-Year,Yes,292.8,0
66,109.77,1,Month-to-Month,Yes,12.6,0
54,25.97,1,Two-Year,No,359.4,0
39,64.04,2,Month-to-Month,Yes,213.0,0
39,73.53,1,Month-to-Month,No,104.7,0
30,32.6,0,Month-to-Month,Yes,378.6,1
48,50.67,0,One-Year,Yes,407.2,0
31,26.71,1,Month-to-Month,Yes,64.5,1
25,149.51,1,One-Year,Yes,30.1,1
68,115.75,0,One-Year,Yes,173.7,0
51,31.37,1,Two-Year,Yes,316.7,0
13,22.63,2,Month-to-Month,Yes,398.8,1
63,113.51,2,Month-to-Month,No,277.6,1
42,77.09,2,Month-to-Month,Yes,294.6,0
54,122.28,0,Month-to-Month,Yes,401.9,0
67,140.05,2,One-Year,Yes,269.1,0
56,97.91,2,One-Year,Yes,309.5,0
19,44.32,2,One-Year,Yes,262.9,0
46,121.69,1,Two-Year,Yes,441.4,0
15,144.26,2,Two-Year,No,125.4,0
32,95.43,3,Month-to-Month,Yes,139.4,1
49,108.66,1,Two-Year,Yes,72.7,0
21,63.87,2,Month-to-Month,Yes,411.5,1
65,69.6,0,One-Year,Yes,211.8,0
70,115.51,3,One-Year,Yes,180.5,0
27,140.61,1,Two-Year,No,490.9,0
23,101.77,4,Month-to-Month,Yes,464.1,1
47,122.68,2,One-Year,Yes,486.3,0
12,42.31,2,Two-Year,Yes,79.7,1
66,47.55,1,One-Year,No,446.7,0
5,89.16,1,One-Year,Yes,171.1,0
9,42.95,2,Month-to-Month,Yes,16.2,1
20,102.55,3,Month-to-Month,Yes,201.7,1
63,57.91,1,Two-Year,No,259.5,0
71,122.9,3,One-Year,Yes,63.0,0
30,125.05,2,One-Year,Yes,273.5,0
16,80.29,2,Month-to-Month,No,411.5,1
5,43.51,1,Month-to-Month,Yes,195.0,0
29,104.08,2,Month-to-Month,Yes,182.8,1
47,149.06,1,Month-to-Month,Yes,176.0,0
22,100.94,2,Month-to-Month,No,462.3,0
57,24.65,3,Month-to-Month,Yes,33.9,0
35,22.25,2,One-Year,Yes,228.1,0
60,61.65,1,One-Year,No,139.7,0
70,45.45,1,Month-to-Month,Yes,448.0,0
60,125.7,0,One-Year,Yes,57.1,0
58,129.82,0,Two-Year,No,211.6,0
3,53.62,2,Month-to-Month,Yes,209.3,1
34,62.33,1,Two-Year,Yes,445.3,0
45,50.71,2,Two-Year,Yes,115.6,0
50,138.09,2,Month-to-Month,Yes,326.0,0
2,85.34,0,Month-to-Month,No,75.9,1
15,105.3,2,Month-to-Month,Yes,477.4,1
37,74.01,2,One-Year,Yes,300.6,0
15,102.03,1,Month-to-Month,No,316.9,1
60,70.16,1,Month-to-Month,Yes,222.5,0
64,64.16,1,One-Year,Yes,177.7,0
52,102.48,3,Month-to-Month,Yes,114.2,0
23,96.84,1,Two-Year,Yes,306.0,0
37,58.16,2,Month-to-Month,Yes,477.7,1
41,39.42,0,Two-Year,Yes,186.3,0
57,67.91,0,Month-to-Month,Yes,442.7,0
25,73.98,0,Month-to-Month,Yes,82.9,0
37,101.73,3,Month-to-Month,Yes,468.7,0
40,138.89,0,Two-Year,Yes,181.7,0
46,24.7,0,Month-to-Month,Yes,196.1,0
60,51.68,2,One-Year,Yes,236.8,0
19,45.18,0,Two-Year,Yes,361.9,0
9,85.3,0,One-Year,Yes,362.6,0
69,75.86,1,Month-to-Month,Yes,245.0,0
5,114.77,1,Two-Year,Yes,266.3,0
26,51.51,0,Two-Year,Yes,24.7,0
19,97.28,0,Month-to-Month,Yes,159.1,1
30,134.9,3,One-Year,Yes,179.5,1
48,138.39,1,Two-Year,No,283.8,0
16,144.64,1,Two-Year,No,283.6,1
71,120.52,0,Month-to-Month,Yes,357.9,0
18,137.78,3,Two-Year,Yes,361.3,1
56,50.49,1,Month-to-Month,Yes,125.3,0
21,45.69,3,Month-to-Month,No,387.4,1
31,20.84,2,Month-to-Month,No,19.6,0
1,111.89,2,Month-to-Month,Yes,360.9,1
3,141.87,0,One-Year,No,60.0,0
25,44.3,1,One-Year,Yes,367.5,0
8,102.8,1,Month-to-Month,Yes,268.3,1
65,117.04,0,Month-to-Month,No,224.3,0
62,140.59,5,Month-to-Month,Yes,348.4,1
7,104.09,0,Two-Year,No,27.8,0
7,146.14,4,Two-Year,Yes,119.5,1
8,64.81,0,Month-to-Month,Yes,312.1,0
19,65.49,0,Two-Year,Yes,425.1,0
17,90.59,0,Month-to-Month,Yes,196.7,0
11,69.86,0,One-Year,Yes,136.8,1
49,20.19,1,Two-Year,Yes,264.2,0
11,115.13,0,Month-to-Month,Yes,314.9,1
41,117.72,1,One-Year,Yes,215.9,1
62,117.11,1,Month-to-Month,No,439.6,1
52,64.85,2,Month-to-Month,Yes,266.5,0
66,87.9,0,One-Year,Yes,27.6,0
68,66.8,3,Two-Year,Yes,119.3,0
67,22.08,3,Month-to-Month,Yes,230.8,0
40,93.12,3,Two-Year,Yes,351.9,0
5,36.09,1,Two-Year,Yes,117.7,0
22,30.41,0,Month-to-Month,Yes,488.4,0
37,118.21,1,Month-to-Month,Yes,166.1,1
11,21.24,2,One-Year,Yes,270.9,1
44,144.67,2,One-Year,No,19.3,0
53,86.98,1,Month-to-Month,Yes,443.6,0
61,147.79,1,Two-Year,No,396.5,0
67,27.54,1,One-Year,Yes,105.8,0
13,95.86,3,Month-to-Month,Yes,467.3,1
11,65.41,1,One-Year,Yes,164.8,1
11,129.65,1,Month-to-Month,No,349.2,0
7,66.96,1,Month-to-Month,Yes,411.3,1
17,53.86,2,Two-Year,Yes,373.0,0
48,131.48,0,Two-Year,Yes,459.6,0
14,68.7,2,Month-to-Month,Yes,433.5,0
63,22.19,4,One-Year,No,497.4,1
64,70.74,1,One-Year,No,99.5,0
65,105.09,2,Month-to-Month,No,159.3,1
34,53.07,1,Month-to-Month,Yes,321.8,0
9,76.16,0,One-Year,No,369.2,0
37,27.37,5,One-Year,Yes,272.0,1
30,96.45,0,Month-to-Month,Yes,46.2,1
41,118.32,0,Month-to-Month,No,422.4,1
45,73.73,2,Month-to-Month,Yes,480.8,0
47,74.63,3,Month-to-Month,Yes,208.7,1
7,31.48,2,One-Year,Yes,120.2,1
14,46.25,1,Month-to-Month,Yes,19.5,1
48,40.11,0,Month-to-Month,Yes,126.3,0
6,82.62,1,Two-Year,Yes,353.0,1
34,88.8,2,Month-to-Month,No,456.7,0
46,143.36,2,Month-to-Month,No,55.8,0
59,29.52,1,Two-Year,No,281.1,0
70,97.98,3,One-Year,Yes,350.8,0
8,88.44,1,One-Year,No,145.4,0
24,87.11,1,Month-to-Month,No,289.2,0
67,133.51,0,Month-to-Month,Yes,360.5,0
4,46.72,3,One-Year,Yes,420.5,0
1,25.3,6,One-Year,Yes,231.7,1
34,107.4,4,Month-to-Month,Yes,376.5,1
9,64.87,2,Month-to-Month,Yes,157.9,1
63,22.29,1,Two-Year,Yes,114.4,0
10,52.68,0,Month-to-Month,Yes,101.8,1
10,60.21,0,Month-to-Month,Yes,185.8,0
50,100.19,2,Month-to-Month,Yes,27.6,1
44,42.44,4,Two-Year,No,148.7,0
48,73.7,1,Two-Year,No,329.6,0
6,82.72,2,One-Year,Yes,327.5,0
24,79.7,1,Month-to-Month,Yes,46.0,1
58,146.61,2,Month-to-Month,Yes,150.8,1
64,25.92,0,Month-to-Month,Yes,289.1,0
56,143.63,0,One-Year,Yes,166.1,0
12,95.65,3,One-Year,No,214.8,1
35,123.44,0,Two-Year,Yes,359.3,0
71,75.95,2,Month-to-Month,No,14.5,1
6,79.0,2,One-Year,No,145.4,0
65,134.31,1,One-Year,Yes,79.8,0
60,136.47,2,Month-to-Month,Yes,72.5,0
68,51.03,0,Month-to-Month,Yes,479.9,0
29,45.9,3,One-Year,Yes,194.5,0
38,84.51,5,Two-Year,Yes,268.3,0
22,137.04,3,Month-to-Month,No,369.6,0
8,61.91,1,Two-Year,No,33.2,0
63,104.76,0,One-Year,No,128.1,0
13,112.06,2,Month-to-Month,Yes,417.8,1
27,121.23,0,Month-to-Month,Yes,432.4,0
18,93.31,0,Month-to-Month,Yes,192.7,1
18,72.32,2,Month-to-Month,Yes,193.7,0
62,145.71,0,Month-to-Month,Yes,380.9,0
14,99.47,2,Month-to-Month,Yes,154.6,0
11,114.71,3,Two-Year,Yes,67.4,1
17,64.85,1,One-Year,No,136.2,0
51,107.09,1,One-Year,No,199.8,1
14,53.51,3,Month-to-Month,Yes,35.6,1
57,51.86,1,Month-to-Month,No,244.6,0
6,112.91,4,Month-to-Month,Yes,372.6,0
57,87.78,1,Two-Year,Yes,261.7,0
4,108.83,7,Month-to-Month,No,45.2,1
11,55.03,2,Month-to-Month,Yes,225.7,1
11,97.83,4,One-Year,No,357.4,1
8,77.71,2,One-Year,Yes,38.5,0
59,97.6,0,Two-Year,No,39.3,0
21,57.81,4,Month-to-Month,No,191.6,0
65,113.01,1,Month-to-Month,Yes,105.5,0
24,124.77,1,One-Year,Yes,468.0,1
30,53.79,5,One-Year,Yes,294.9,0
57,59.08,0,Month-to-Month,Yes,150.8,1
17,105.95,1,Month-to-Month,Yes,355.3,0
59,110.43,0,One-Year,No,193.7,0
31,111.53,1,Two-Year,Yes,74.7,0
64,108.75,1,One-Year,No,126.2,0
48,71.07,5,Two-Year,No,324.9,0
23,71.33,2,One-Year,Yes,35.4,0
70,53.13,4,Month-to-Month,Yes,143.6,0
30,40.39,1,Month-to-Month,Yes,112.1,0
55,110.04,3,One-Year,Yes,108.6,0
7,32.11,0,Month-to-Month,Yes,344.6,0
12,141.91,0,One-Year,Yes,414.7,0
60,127.47,3,One-Year,Yes,360.8,1
52,131.48,2,Two-Year,Yes,326.4,0
27,137.87,0,One-Year,No,459.1,1
12,73.12,3,Month-to-Month,No,38.6,1
13,130.07,2,Month-to-Month,Yes,92.1,1
62,40.55,2,Month-to-Month,Yes,213.1,0
29,22.81,2,Two-Year,No,192.5,0
35,122.04,3,Month-to-Month,No,214.8,1
60,29.72,1,Two-Year,Yes,111.2,0
29,148.51,1,Two-Year,Yes,83.3,1
31,107.72,4,One-Year,Yes,259.5,1
61,117.95,1,Month-to-Month,Yes,464.7,0
2,51.95,3,Month-to-Month,Yes,202.1,1
33,107.6,4,Month-to-Month,Yes,31.2,1
62,25.62,1,Month-to-Month,Yes,356.0,0
59,128.92,2,Month-to-Month,Yes,152.6,0
40,42.05,2,Month-to-Month,Yes,130.1,0
49,110.66,0,One-Year,Yes,168.9,0
32,49.18,1,Month-to-Month,No,364.7,0
38,28.9,1,Month-to-Month,Yes,411.2,0
13,82.59,0,One-Year,No,298.1,0
54,42.01,1,Two-Year,Yes,168.0,0
13,114.83,2,One-Year,Yes,162.1,1
39,50.88,1,Month-to-Month,Yes,70.9,0
23,64.52,4,One-Year,Yes,467.3,0
14,93.77,2,One-Year,Yes,322.7,1
17,57.05,1,Two-Year,Yes,23.2,0
24,69.14,2,Month-to-Month,No,334.6,0
58,126.03,1,Two-Year,No,229.1,0
63,43.3,2,Month-to-Month,Yes,486.6,0
34,30.69,0,Two-Year,No,411.3,0
51,62.69,3,Month-to-Month,Yes,93.9,0
10,75.17,0,Two-Year,Yes,362.9,0
21,90.55,0,Two-Year,Yes,247.9,0
37,68.42,1,Month-to-Month,Yes,101.7,0
7,122.69,2,Two-Year,Yes,352.4,0
13,25.11,1,Month-to-Month,Yes,278.2,0
30,76.13,2,Month-to-Month,Yes,24.9,1
31,69.69,1,Month-to-Month,Yes,326.8,0
5,104.19,0,Two-Year,Yes,321.1,1
32,145.62,0,Month-to-Month,Yes,80.6,0
16,86.35,1,One-Year,Yes,181.0,0
22,148.29,2,One-Year,Yes,297.1,0
64,59.29,2,Two-Year,No,78.0,0
44,24.01,2,One-Year,Yes,427.8,1
40,41.54,1,Month-to-Month,Yes,23.5,1
37,71.37,1,Month-to-Month,Yes,60.4,0
16,61.12,1,Month-to-Month,No,66.9,1
43,32.62,0,One-Year,Yes,268.8,0
63,76.25,0,Month-to-Month,Yes,313.9,1
15,63.96,0,Month-to-Month,Yes,207.8,0
44,35.94,2,Two-Year,No,151.4,1
9,58.5,0,Month-to-Month,Yes,406.6,0
65,135.24,2,One-Year,Yes,43.5,0
44,59.27,2,Month-to-Month,Yes,147.3,0
20,112.81,1,Month-to-Month,Yes,29.2,1
70,99.57,4,Month-to-Month,Yes,16.8,1
33,75.53,1,Month-to-Month,No,183.2,0
6,51.07,3,Two-Year,Yes,105.5,0
31,67.97,2,Month-to-Month,Yes,141.5,1
66,96.97,1,Month-to-Month,Yes,412.3,0
18,65.6,5,One-Year,Yes,89.9,1
28,47.94,5,One-Year,Yes,392.3,0
68,35.14,0,One-Year,Yes,340.8,0
65,134.37,3,Two-Year,Yes,170.0,1
45,77.24,2,One-Year,Yes,277.8,0
58,101.28,1,Month-to-Month,Yes,227.8,0
47,83.75,3,Two-Year,No,72.9,0
66,133.43,2,One-Year,Yes,454.5,0
52,91.1,2,Month-to-Month,No,289.1,0
36,82.5,1,Month-to-Month,Yes,441.3,0
1,140.2,2,Month-to-Month,Yes,413.7,1
39,113.56,0,Month-to-Month,Yes,49.1,0
1,34.5,1,Month-to-Month,Yes,111.6,0
14,43.1,3,Month-to-Month,Yes,81.2,1
71,122.33,1,Two-Year,No,417.1,0
23,128.66,3,Two-Year,No,432.6,0
43,90.87,1,One-Year,Yes,268.7,0
22,92.08,2,Two-Year,No,61.0,0
60,102.15,0,Month-to-Month,Yes,76.5,1
27,77.09,0,Two-Year,No,408.6,0
56,108.43,0,One-Year,Yes,465.3,0
2,34.1,2,Month-to-Month,No,107.7,0
39,144.97,1,Month-to-Month,Yes,15.5,1
51,117.52,4,Month-to-Month,No,172.2,0
19,102.05,1,Month-to-Month,Yes,24.9,1
62,61.12,1,Month-to-Month,Yes,415.7,0
71,40.92,1,Month-to-Month,Yes,250.8,1
67,73.21,3,Month-to-Month,No,324.5,0
63,106.0,0,Month-to-Month,Yes,211.6,0
5,102.38,5,Two-Year,Yes,179.3,0
61,69.74,0,Month-to-Month,Yes,118.9,0
71,99.73,0,Month-to-Month,No,387.6,0
7,125.79,0,One-Year,Yes,350.8,0
50,23.42,1,Two-Year,Yes,186.8,0
46,78.58,3,Month-to-Month,No,167.3,0
14,118.61,0,Two-Year,Yes,10.6,0
69,91.0,0,Month-to-Month,Yes,41.1,1
65,104.69,3,Month-to-Month,Yes,315.4,1
65,87.17,3,Month-to-Month,No,262.2,1
57,148.94,0,One-Year,Yes,223.1,0
62,27.1,0,Month-to-Month,Yes,415.5,0
20,83.84,0,One-Year,No,256.9,0
26,31.88,2,Month-to-Month,Yes,198.4,0
44,40.77,1,One-Year,No,89.0,0
67,69.79,4,Month-to-Month,Yes,412.1,0
70,40.22,1,Month-to-Month,Yes,292.4,0
62,145.28,1,One-Year,Yes,55.3,1
45,143.08,3,One-Year,Yes,328.0,0
11,63.69,0,Month-to-Month,Yes,218.3,0
34,103.17,2,Two-Year,Yes,407.6,1
46,89.39,1,One-Year,No,460.3,0
32,126.03,0,Month-to-Month,Yes,304.2,1
5,101.57,1,Two-Year,No,368.5,0
63,20.03,1,One-Year,Yes,37.7,0
29,119.21,2,Month-to-Month,Yes,284.5,0
48,117.09,1,Month-to-Month,No,380.1,0
16,86.26,2,One-Year,Yes,253.4,0
25,137.38,1,Month-to-Month,No,300.8,0
29,138.1,1,Month-to-Month,Yes,450.5,1
52,88.11,2,Month-to-Month,Yes,107.1,0
46,99.04,4,One-Year,Yes,58.1,0
25,149.55,0,Month-to-Month,Yes,348.4,0
23,58.85,2,Two-Year,Yes,413.2,0
34,62.2,1,Month-to-Month,No,426.7,0
67,43.76,0,Month-to-Month,Yes,324.4,0
34,136.46,4,One-Year,Yes,418.3,1
32,116.78,0,One-Year,No,353.3,0
29,33.73,2,Month-to-Month,No,52.8,0
9,147.63,0,Month-to-Month,Yes,383.4,1
66,115.03,2,Month-to-Month,Yes,97.9,1
57,130.57,2,One-Year,Yes,125.9,1
39,26.26,2,Month-to-Month,Yes,203.4,1
7,85.64,2,One-Year,Yes,164.1,0
69,110.82,0,One-Year,No,167.6,0
8,90.58,0,Month-to-Month,Yes,92.9,1
18,106.66,2,Month-to-Month,Yes,154.0,0
49,126.32,2,Month-to-Month,No,19.6,1
16,68.66,2,Month-to-Month,Yes,241.7,1
21,130.33,1,One-Year,No,386.6,1
10,41.18,2,One-Year,Yes,432.5,0
4,55.22,1,One-Year,Yes,412.0,0
44,25.63,1,Month-to-Month,No,214.1,0
8,67.38,0,Two-Year,Yes,367.9,0
55,69.39,1,Month-to-Month,No,151.1,1
19,124.69,1,Month-to-Month,Yes,37.2,1
64,104.91,0,One-Year,No,341.2,0
40,76.77,2,Two-Year,Yes,327.9,0
51,104.77,1,Month-to-Month,Yes,402.8,0
9,26.86,1,One-Year,Yes,311.9,0
30,43.44,1,Two-Year,Yes,86.9,0
56,101.5,0,One-Year,Yes,428.0,0
44,103.38,0,Month-to-Month,Yes,317.4,1
59,120.64,3,Two-Year,Yes,405.7,0
15,72.39,1,One-Year,Yes,389.3,0
68,113.93,1,One-Year,No,156.0,0
70,108.92,3,One-Year,Yes,46.5,0
61,145.24,1,Two-Year,Yes,96.5,0
23,47.97,2,Month-to-Month,Yes,55.5,1
47,91.72,6,Month-to-Month,Yes,129.3,0
17,98.23,0,Month-to-Month,No,235.2,1
57,149.82,3,Month-to-Month,Yes,454.3,1
54,46.15,2,Month-to-Month,Yes,437.3,0
52,88.02,3,One-Year,Yes,362.1,1
22,65.0,1,Month-to-Month,No,21.8,1
39,88.37,1,One-Year,Yes,177.3,0
13,50.18,4,Two-Year,No,344.4,0
66,26.19,3,Month-to-Month,Yes,73.2,0
52,94.43,1,Two-Year,No,402.5,0
14,63.66,1,Month-to-Month,Yes,458.1,1
63,43.65,1,Two-Year,No,183.5,0
71,62.11,0,Two-Year,Yes,355.9,0
28,26.41,2,Month-to-Month,Yes,82.6,1
46,143.56,0,Month-to-Month,No,348.5,1
28,95.55,2,Month-to-Month,Yes,20.5,1
2,125.92,2,Two-Year,Yes,83.9,1
17,75.01,3,Two-Year,No,357.8,1
59,137.43,3,Month-to-Month,Yes,358.8,1
52,82.83,2,One-Year,Yes,324.2,0
4,94.61,2,Month-to-Month,Yes,243.9,1
3,83.93,2,Month-to-Month,Yes,340.7,1
37,115.33,3,Two-Year,No,389.2,1
24,93.67,3,Month-to-Month,Yes,483.6,1
35,55.31,2,Two-Year,Yes,445.4,1
2,38.92,3,Two-Year,Yes,399.3,0
33,98.8,1,Two-Year,Yes,350.4,1
10,83.59,3,Month-to-Month,No,291.3,1
62,32.48,2,Month-to-Month,No,69.1,0
43,71.43,0,Month-to-Month,Yes,91.1,0
69,86.92,1,One-Year,Yes,411.9,0
59,127.5,0,One-Year,No,403.6,0
9,29.89,6,Month-to-Month,Yes,311.1,1
60,65.3,0,One-Year,Yes,225.0,0
63,126.95,0,Month-to-Month,Yes,22.8,0
52,104.3,0,Month-to-Month,Yes,170.3,1
23,57.69,1,Month-to-Month,No,216.1,0
30,129.89,1,Month-to-Month,Yes,248.0,1
43,84.13,1,Month-to-Month,No,465.4,1
68,84.79,1,Month-to-Month,Yes,63.3,0
21,146.96,5,Two-Year,Yes,264.2,1
43,143.13,3,One-Year,No,190.3,1
7,66.61,2,Month-to-Month,No,495.1,1
16,38.28,1,One-Year,No,432.3,0
23,62.34,1,One-Year,Yes,225.0,0
58,23.96,1,Month-to-Month,No,499.9,0
31,22.7,0,One-Year,Yes,261.9,0
69,71.42,1,One-Year,Yes,91.9,0
6,142.33,0,One-Year,Yes,282.4,1
65,133.28,3,One-Year,Yes,120.8,0
59,86.49,4,One-Year,No,321.8,0
28,93.48,1,Month-to-Month,Yes,469.3,1
18,20.77,0,Two-Year,Yes,395.2,0
10,48.02,1,Month-to-Month,Yes,143.9,1
7,23.22,0,Two-Year,Yes,155.5,0
37,118.09,1,Month-to-Month,Yes,44.0,1
45,38.93,2,Month-to-Month,Yes,150.1,0
16,132.98,0,One-Year,Yes,55.4,0
14,103.63,0,Month-to-Month,Yes,254.7,1
11,49.82,0,Two-Year,No,357.1,0
34,40.5,0,Month-to-Month,Yes,378.1,0
60,101.59,0,One-Year,Yes,39.2,0
13,137.11,1,Month-to-Month,No,176.6,1
39,113.39,4,Month-to-Month,Yes,151.2,1
44,65.31,2,Month-to-Month,No,61.1,0
28,96.36,2,One-Year,Yes,187.6,1
40,60.4,3,One-Year,No,156.7,0
16,149.89,2,One-Year,Yes,320.9,1
50,117.35,2,Two-Year,Yes,442.8,0
28,99.87,3,One-Year,Yes,232.9,0
68,75.02,1,Two-Year,Yes,375.9,0
60,100.36,1,Month-to-Month,No,81.5,0
12,64.41,2,Month-to-Month,Yes,448.5,1
16,23.75,0,Month-to-Month,Yes,84.8,0
53,71.36,0,Month-to-Month,Yes,104.1,0
54,140.96,3,One-Year,No,62.2,1
49,101.42,1,One-Year,No,161.7,0
36,30.91,0,One-Year,Yes,280.7,0
62,135.05,2,One-Year,Yes,494.1,1
26,54.95,3,Two-Year,Yes,398.8,0
56,51.69,4,Two-Year,Yes,196.4,0
22,58.62,1,Month-to-Month,Yes,292.2,0
69,95.04,2,Month-to-Month,Yes,315.4,0
49,90.81,0,Month-to-Month,No,413.1,0
2,83.88,1,Month-to-Month,No,370.9,1
53,113.28,2,One-Year,Yes,289.0,0
7,61.15,5,One-Year,Yes,337.9,1
20,121.67,1,Month-to-Month,No,375.5,1
30,42.79,2,One-Year,Yes,75.2,0
67,121.74,2,One-Year,Yes,108.2,0
59,106.3,3,Month-to-Month,No,347.4,1
66,108.82,3,Month-to-Month,Yes,426.7,0
3,82.6,3,Two-Year,Yes,210.5,0
56,106.71,1,One-Year,Yes,490.1,0
17,30.37,0,Month-to-Month,Yes,115.9,1
52,130.7,1,Month-to-Month,Yes,214.2,1
7,27.22,2,Month-to-Month,Yes,195.5,0
5,39.34,2,Month-to-Month,Yes,465.8,1
54,94.98,1,Two-Year,No,149.8,0
61,116.12,1,Month-to-Month,Yes,240.7,1
16,29.91,0,Month-to-Month,Yes,101.7,0
67,139.7,1,Month-to-Month,Yes,265.4,0
59,146.57,4,One-Year,Yes,430.1,0
47,98.77,1,Month-to-Month,No,159.0,1
48,82.56,1,Month-to-Month,Yes,407.3,0
64,116.38,1,One-Year,Yes,456.5,0
50,62.69,0,Month-to-Month,Yes,45.7,0
41,84.12,0,Month-to-Month,Yes,380.6,1
22,139.1,0,Month-to-Month,Yes,135.1,1
54,144.24,0,One-Year,Yes,95.9,0
5,140.52,1,Two-Year,Yes,304.5,0
17,54.12,2,Month-to-Month,No,355.7,0
41,50.22,2,Month-to-Month,No,203.4,0
35,58.7,1,Month-to-Month,No,29.2,0
40,77.37,0,One-Year,No,455.3,1
22,60.84,2,One-Year,No,368.1,1
48,68.65,0,One-Year,No,143.1,1
53,100.68,2,One-Year,Yes,253.5,0
10,119.13,2,Two-Year,Yes,23.6,0
18,115.62,2,Two-Year,No,176.2,1
49,125.88,2,One-Year,Yes,266.0,1
71,24.18,0,Month-to-Month,Yes,263.4,0
30,26.21,3,Month-to-Month,Yes,112.0,0
19,122.62,4,One-Year,Yes,390.6,0
55,89.3,2,One-Year,Yes,156.4,0
60,95.16,1,One-Year,Yes,294.4,1
21,26.84,3,Month-to-Month,Yes,143.0,0
26,53.19,0,One-Year,No,218.3,0
28,102.99,2,Month-to-Month,No,111.7,1
39,131.69,2,One-Year,No,320.2,1
33,139.21,1,Month-to-Month,No,218.5,1
40,85.05,1,Month-to-Month,Yes,17.9,1
29,90.91,0,Month-to-Month,Yes,23.8,0
20,128.3,2,Two-Year,Yes,240.9,0
20,89.89,2,Month-to-Month,No,99.8,1
12,87.19,2,Month-to-Month,Yes,296.7,1
25,137.66,2,Month-to-Month,No,210.0,0
25,122.69,1,One-Year,Yes,330.7,1
4,138.18,1,Month-to-Month,No,476.7,1
4,48.37,1,Two-Year,Yes,269.1,0
9,88.17,3,One-Year,No,395.8,0
15,129.52,4,Month-to-Month,Yes,379.0,1
26,34.45,1,One-Year,Yes,461.7,0
71,123.31,1,Month-to-Month,Yes,114.9,1
32,43.79,4,Two-Year,No,415.4,0
52,125.06,1,Month-to-Month,Yes,453.7,1
32,99.56,1,Two-Year,No,202.5,0
9,45.12,1,One-Year,No,163.8,1
13,81.54,1,Two-Year,No,476.5,0
56,108.65,2,Month-to-Month,Yes,317.5,1
44,102.4,0,Month-to-Month,Yes,196.5,0
30,75.54,1,One-Year,Yes,398.0,0
16,136.92,2,One-Year,No,159.2,0
12,87.5,0,Month-to-Month,No,96.4,1
66,85.76,2,Month-to-Month,No,276.5,0
18,28.09,2,Month-to-Month,Yes,287.4,0
13,139.88,2,One-Year,Yes,414.6,1
24,43.03,0,Month-to-Month,No,233.9,0
12,88.68,1,Month-to-Month,Yes,409.1,1
60,124.46,1,Month-to-Month,No,162.5,0
60,48.01,2,Month-to-Month,Yes,291.9,0
1,88.56,1,Month-to-Month,Yes,112.2,1
43,51.29,3,Two-Year,No,198.9,0
55,118.76,1,Month-to-Month,Yes,430.2,1
40,93.36,4,Two-Year,Yes,115.8,0
64,131.28,0,Month-to-Month,No,407.0,0
34,136.29,0,Month-to-Month,Yes,148.6,1
34,104.34,1,Month-to-Month,No,26.9,1
48,114.3,1,One-Year,No,63.9,0
33,91.4,1,One-Year,Yes,375.5,0
68,69.98,5,Month-to-Month,Yes,138.4,1
30,104.26,0,Month-to-Month,Yes,330.5,0
71,138.08,0,Two-Year,Yes,352.6,0
71,74.17,1,Two-Year,Yes,179.1,0
29,60.87,0,Month-to-Month,No,242.7,0
23,70.5,3,One-Year,Yes,207.8,0
34,76.6,2,Month-to-Month,Yes,474.2,1
15,29.56,2,Month-to-Month,Yes,166.8,0
53,84.8,1,Month-to-Month,Yes,99.8,1
17,84.26,0,Month-to-Month,Yes,189.1,1
64,96.5,2,Two-Year,No,338.1,0
61,67.17,2,Month-to-Month,Yes,351.7,0
57,99.7,0,One-Year,Yes,462.8,0
37,134.17,0,Two-Year,Yes,442.1,0
7,144.21,1,Month-to-Month,Yes,151.3,1
8,95.87,3,Month-to-Month,Yes,233.0,1
68,25.54,2,One-Year,No,376.2,0
21,146.0,4,Month-to-Month,Yes,459.1,1
61,111.76,1,Month-to-Month,Yes,175.2,1
29,63.68,3,Month-to-Month,Yes,227.8,0
25,39.13,2,Month-to-Month,Yes,450.7,1
58,38.64,0,Two-Year,Yes,185.7,0
14,41.81,0,One-Year,Yes,245.5,0
66,25.92,2,Month-to-Month,Yes,453.2,0
54,137.28,2,One-Year,Yes,403.1,0
67,90.3,2,Two-Year,Yes,129.3,0
30,110.99,1,Month-to-Month,Yes,169.1,0
18,127.65,3,Month-to-Month,Yes,182.9,1
54,122.9,2,Two-Year,No,457.2,0
21,134.74,1,Two-Year,Yes,499.5,0
53,145.74,4,Month-to-Month,No,389.3,1
16,77.08,2,Month-to-Month,Yes,247.3,0
28,143.54,0,Month-to-Month,Yes,15.0,1
4,114.03,1,Month-to-Month,Yes,351.8,0
55,29.19,1,One-Year,No,200.8,0
15,108.63,2,Month-to-Month,Yes,320.2,0
64,109.27,2,Month-to-Month,Yes,307.3,1
65,137.76,1,Month-to-Month,Yes,245.6,1
16,68.48,1,Two-Year,Yes,472.7,1
20,96.04,1,Month-to-Month,Yes,21.3,1
64,21.58,1,Month-to-Month,Yes,358.9,1
33,63.17,0,Two-Year,Yes,210.8,0
69,28.09,2,One-Year,Yes,359.8,0
69,87.84,3,Month-to-Month,Yes,340.9,1
58,126.27,2,Month-to-Month,Yes,15.0,0
39,46.84,0,Month-to-Month,Yes,149.8,1
36,88.57,3,One-Year,Yes,102.7,0
68,46.52,2,Month-to-Month,Yes,91.8,0
21,35.69,0,Month-to-Month,Yes,367.0,0
63,86.43,2,Month-to-Month,Yes,127.4,1
6,30.29,0,Month-to-Month,Yes,242.6,0
24,96.36,2,One-Year,Yes,131.0,0
53,24.07,1,Month-to-Month,Yes,294.3,0
50,33.87,2,Month-to-Month,Yes,363.1,1
12,91.5,2,Two-Year,Yes,172.2,0
56,96.88,3,One-Year,Yes,305.5,0
15,23.77,1,Month-to-Month,Yes,414.2,1
40,94.54,1,One-Year,No,56.2,0
41,129.01,3,Month-to-Month,Yes,358.2,0
69,113.9,2,One-Year,Yes,168.3,0
69,37.05,2,One-Year,Yes,70.1,1
6,97.02,0,One-Year,Yes,277.4,0
67,107.39,3,One-Year,No,120.9,1
33,24.84,1,Month-to-Month,No,412.5,0
43,131.2,2,One-Year,No,31.0,1
21,137.81,0,Month-to-Month,No,58.3,1
65,130.56,2,Month-to-Month,Yes,265.3,1
17,127.2,1,Two-Year,Yes,298.6,0
8,116.85,3,One-Year,No,367.6,0
64,102.35,2,Two-Year,Yes,137.0,0
28,108.22,2,Month-to-Month,No,422.5,1
13,124.83,1,Month-to-Month,Yes,477.0,1
13,106.12,3,Month-to-Month,Yes,254.5,1
38,62.6,1,One-Year,No,382.7,0
25,68.87,2,Month-to-Month,Yes,267.2,1
62,136.62,2,Month-to-Month,No,44.0,1
23,22.23,2,Month-to-Month,Yes,169.8,1
21,110.85,1,One-Year,Yes,52.9,0
54,144.12,1,Month-to-Month,No,494.6,1
63,111.81,1,Two-Year,Yes,122.2,0
30,149.21,3,Month-to-Month,Yes,321.6,0
68,109.38,1,Month-to-Month,Yes,149.3,0
32,24.47,2,Month-to-Month,No,330.1,0
24,127.51,1,Two-Year,No,113.1,0
7,57.0,2,Month-to-Month,Yes,394.8,1
1,77.99,3,Month-to-Month,Yes,64.3,1
3,60.57,1,One-Year,No,448.6,0
28,54.91,3,Month-to-Month,No,421.8,0
43,76.08,1,One-Year,Yes,342.6,0
46,69.24,2,Month-to-Month,Yes,43.0,0
1,102.33,0,Month-to-Month,No,112.2,1
38,125.71,3,Month-to-Month,Yes,431.1,1
35,58.62,2,Month-to-Month,No,69.8,0
54,47.78,3,One-Year,Yes,86.4,0
24,106.7,0,One-Year,Yes,276.6,0
28,107.14,0,One-Year,Yes,144.3,0
22,137.15,0,Two-Year,No,118.8,1
16,22.07,2,Month-to-Month,Yes,292.1,0
13,130.9,3,Month-to-Month,Yes,192.6,1
62,87.73,1,One-Year,Yes,78.9,0
43,100.77,0,One-Year,No,272.1,0
32,31.88,0,Month-to-Month,Yes,199.6,1
67,76.24,1,One-Year,Yes,369.9,1
57,49.55,1,Month-to-Month,Yes,60.4,0
65,53.05,1,One-Year,Yes,314.1,0
69,85.53,0,Two-Year,Yes,223.9,1
49,125.62,5,One-Year,Yes,209.0,1
33,116.69,2,Month-to-Month,Yes,123.8,1
19,96.83,1,One-Year,No,24.9,1
36,90.12,2,One-Year,No,425.4,1
70,75.55,1,Month-to-Month,No,169.9,1
15,146.45,1,Month-to-Month,Yes,343.7,1
24,92.83,2,Two-Year,No,474.3,1
27,53.02,0,Month-to-Month,Yes,286.8,0
49,49.91,1,Month-to-Month,Yes,204.6,1
23,99.48,0,Month-to-Month,Yes,141.5,1
33,87.97,0,One-Year,Yes,467.7,0
41,21.0,2,Two-Year,Yes,344.2,0
56,127.91,1,One-Year,Yes,336.0,1
29,111.54,2,Month-to-Month,Yes,218.8,1
31,106.04,3,One-Year,Yes,424.1,1
65,28.94,2,One-Year,Yes,359.7,0
18,67.07,2,One-Year,Yes,148.8,1
6,141.6,0,Month-to-Month,Yes,303.8,0
52,132.14,3,One-Year,Yes,220.8,0
40,57.12,0,Month-to-Month,Yes,13.2,0
65,40.42,1,Month-to-Month,Yes,405.7,0
42,78.38,1,One-Year,Yes,70.2,0
68,66.26,0,Two-Year,No,259.9,0
32,108.69,1,Month-to-Month,Yes,174.8,1
10,145.64,2,Two-Year,Yes,177.6,1
69,67.19,0,Month-to-Month,No,243.9,0
9,28.09,1,One-Year,Yes,498.5,0
69,136.69,4,Month-to-Month,Yes,210.1,0
61,24.93,3,Month-to-Month,Yes,99.3,1
11,143.86,2,One-Year,Yes,310.7,0
68,106.4,2,One-Year,Yes,125.8,0
8,142.42,4,One-Year,No,61.7,0
49,45.96,2,One-Year,Yes,34.6,0
24,25.29,2,One-Year,Yes,21.2,0
33,83.47,1,Two-Year,Yes,221.3,0
19,78.58,2,Month-to-Month,No,219.1,1
2,63.09,1,Month-to-Month,No,100.9,1
55,144.5,3,Month-to-Month,Yes,394.2,1
11,126.94,4,Month-to-Month,Yes,73.3,1
17,106.01,2,One-Year,Yes,458.5,0
42,41.17,2,Month-to-Month,Yes,297.9,1
61,115.46,0,Month-to-Month,Yes,23.5,0
3,114.51,0,Month-to-Month,Yes,481.9,1
35,75.26,0,One-Year,No,160.9,0
66,140.22,3,Month-to-Month,Yes,230.5,1
1,41.71,2,Month-to-Month,Yes,149.3,0
7,54.75,2,One-Year,Yes,366.9,1
20,28.22,0,One-Year,Yes,248.0,0
43,123.41,4,Month-to-Month,Yes,74.9,1
6,100.83,3,One-Year,No,61.1,1
55,60.94,1,Month-to-Month,Yes,365.4,1
21,41.3,2,Two-Year,No,126.2,0
51,25.22,2,Month-to-Month,Yes,77.5,0
46,41.68,3,Two-Year,Yes,254.7,1
35,78.93,0,Two-Year,Yes,403.4,0
8,52.13,0,One-Year,Yes,146.6,0
68,53.67,1,Month-to-Month,Yes,145.5,1
16,133.82,5,One-Year,Yes,418.6,1
67,86.97,2,Month-to-Month,Yes,82.4,0
71,114.8,0,Two-Year,No,312.2,0
64,24.64,2,One-Year,Yes,478.0,0
2,67.47,3,Two-Year,Yes,422.2,0
1,82.29,0,One-Year,Yes,40.3,1
58,44.23,2,One-Year,Yes,166.8,0
1,35.62,2,One-Year,Yes,79.8,0
7,133.14,2,Month-to-Month,Yes,475.1,1
69,142.13,0,Month-to-Month,Yes,493.1,0
18,30.24,8,One-Year,Yes,125.1,1
32,65.37,2,Two-Year,No,338.2,0
45,144.58,1,One-Year,No,422.4,1
33,30.81,1,Two-Year,Yes,124.5,0
49,103.67,0,Two-Year,Yes,102.0,0
33,146.39,0,One-Year,No,15.5,0
71,147.17,0,Month-to-Month,Yes,211.9,1
68,81.26,1,One-Year,Yes,450.7,0
28,41.16,1,Month-to-Month,No,452.5,1
53,46.27,3,Month-to-Month,Yes,72.6,1
44,135.65,0,Month-to-Month,No,110.1,0
55,138.52,2,Two-Year,Yes,209.9,0
10,99.02,1,Month-to-Month,Yes,392.5,1
14,119.6,0,One-Year,Yes,309.8,1
36,116.19,2,Two-Year,No,261.8,0
34,106.04,4,One-Year,Yes,300.0,0
18,127.55,2,One-Year,Yes,57.1,1
16,109.1,2,One-Year,No,244.1,1
37,89.42,1,Month-to-Month,No,496.1,0
41,50.8,1,Month-to-Month,No,53.3,0
25,116.71,1,Two-Year,Yes,264.4,0
8,81.55,1,Month-to-Month,No,154.9,0
18,58.32,2,One-Year,Yes,274.6,0
68,124.25,2,One-Year,Yes,291.2,0
48,110.57,2,Month-to-Month,No,293.0,0
70,141.85,4,Two-Year,Yes,427.6,0
67,41.51,1,One-Year,Yes,201.0,0
18,104.39,3,Month-to-Month,Yes,263.0,1
18,51.75,4,Two-Year,No,15.4,0
56,137.47,2,One-Year,Yes,396.9,0
23,32.93,1,Month-to-Month,Yes,137.1,0
35,105.3,2,One-Year,Yes,410.1,1
6,122.84,1,Month-to-Month,Yes,140.2,1
26,66.14,2,One-Year,No,15.3,0
61,144.04,3,Month-to-Month,Yes,85.9,1
15,130.59,0,One-Year,Yes,493.0,0
32,58.3,2,One-Year,No,166.7,0
12,20.98,4,Two-Year,Yes,63.3,0
5,58.57,1,One-Year,Yes,68.2,0
64,56.57,2,Month-to-Month,Yes,162.1,0
71,135.7,1,Two-Year,No,28.4,0
27,145.73,6,One-Year,Yes,260.6,1
45,29.16,0,One-Year,Yes,114.7,0
35,81.27,1,Month-to-Month,Yes,264.5,1
26,91.28,2,Two-Year,Yes,79.0,0
23,32.08,2,Two-Year,No,220.6,0
13,69.07,4,One-Year,No,303.0,0
3,61.22,0,Two-Year,Yes,40.4,0
29,89.69,2,Month-to-Month,Yes,205.4,0
66,105.95,1,Two-Year,No,158.2,0
64,111.45,2,Month-to-Month,Yes,127.8,0
28,37.78,0,Month-to-Month,Yes,306.2,0
36,125.68,0,One-Year,No,298.4,0
6,108.21,1,One-Year,Yes,319.0,0
11,135.58,3,Month-to-Month,Yes,87.9,1
38,78.41,3,Month-to-Month,Yes,150.0,1
34,136.21,0,Month-to-Month,No,112.7,0
67,132.55,2,Month-to-Month,Yes,274.8,0
46,76.99,2,Month-to-Month,No,235.9,0
29,69.55,1,Month-to-Month,No,171.8,0
60,141.27,2,Month-to-Month,No,395.1,1
54,112.97,3,Two-Year,No,56.0,1
69,140.67,2,One-Year,Yes,487.7,0
9,123.61,1,Month-to-Month,No,67.1,1
10,99.21,1,Two-Year,Yes,388.8,1
68,35.06,0,One-Year,No,190.4,0
58,57.89,4,Month-to-Month,Yes,434.0,0
52,145.95,1,Month-to-Month,Yes,46.3,1
34,61.52,1,Month-to-Month,Yes,193.6,0
35,32.12,2,Month-to-Month,No,174.4,0
33,111.98,1,Month-to-Month,Yes,496.6,0
32,115.42,1,One-Year,Yes,492.9,0
55,57.11,3,One-Year,No,103.0,0
8,58.7,2,One-Year,Yes,318.7,1
46,80.96,5,Month-to-Month,Yes,272.4,1
14,22.83,1,One-Year,Yes,85.6,0
8,122.61,2,One-Year,Yes,92.2,1
71,61.22,0,Two-Year,Yes,494.7,0
54,130.99,5,Month-to-Month,No,231.8,1
21,124.34,0,Two-Year,Yes,71.6,0
14,105.98,1,Two-Year,Yes,115.2,0
2,62.23,1,One-Year,Yes,141.5,0
61,87.12,0,One-Year,No,260.3,0
17,77.83,3,Month-to-Month,Yes,174.4,1
48,64.05,3,Two-Year,Yes,233.0,0
8,130.26,1,Month-to-Month,Yes,91.6,0
56,82.86,1,One-Year,No,170.1,0
17,128.25,0,Month-to-Month,No,44.5,1
69,33.68,5,Month-to-Month,Yes,446.0,0
12,38.33,0,One-Year,Yes,107.4,0
38,147.05,1,Two-Year,Yes,380.9,0
18,96.41,2,Month-to-Month,Yes,181.3,1
26,86.27,2,Two-Year,Yes,242.5,0
37,88.01,3,One-Year,Yes,152.7,1
70,47.98,0,Month-to-Month,Yes,351.3,0
41,113.43,1,Month-to-Month,No,423.8,1
42,31.02,3,One-Year,Yes,150.3,0
41,94.53,0,Month-to-Month,Yes,128.7,0
47,94.2,2,Month-to-Month,Yes,343.9,1
14,138.84,1,Month-to-Month,Yes,105.6,0
1,88.4,0,Month-to-Month,Yes,323.5,1
17,37.82,2,One-Year,Yes,56.3,0
55,94.46,5,Month-to-Month,No,313.9,1
53,31.87,1,Month-to-Month,No,261.6,0
31,46.49,3,Month-to-Month,No,65.8,1
62,24.04,2,Month-to-Month,Yes,328.1,1
8,86.73,2,Month-to-Month,No,228.8,1
30,30.99,2,One-Year,Yes,116.4,0
66,81.02,3,One-Year,Yes,183.2,0
45,141.28,0,Month-to-Month,Yes,251.1,1
18,113.57,0,Month-to-Month,Yes,54.9,0
45,30.06,1,Month-to-Month,No,479.2,0
19,49.15,3,Month-to-Month,Yes,336.1,1
68,107.58,0,One-Year,Yes,60.2,0
50,136.31,1,Month-to-Month,Yes,413.2,1
25,24.28,0,Month-to-Month,No,168.1,0
38,125.62,4,One-Year,No,302.4,1
36,93.04,1,Month-to-Month,Yes,145.8,1
68,90.99,1,One-Year,Yes,369.4,0
56,144.52,0,One-Year,No,364.3,0
39,117.19,3,Month-to-Month,Yes,280.5,0
63,130.52,3,One-Year,Yes,128.1,0
7,66.02,2,One-Year,Yes,134.3,1
58,92.07,1,Month-to-Month,Yes,197.6,0
59,100.0,3,One-Year,Yes,81.1,0
48,61.81,2,Two-Year,Yes,175.5,0
5,94.13,3,Two-Year,Yes,345.3,0
36,50.77,2,One-Year,No,417.1,1
25,38.64,0,Two-Year,Yes,173.0,0
45,68.62,2,Month-to-Month,Yes,124.5,1
19,116.11,2,One-Year,Yes,418.0,0
7,139.1,2,Month-to-Month,Yes,446.4,1
58,79.5,3,Month-to-Month,Yes,210.9,1
66,103.57,1,One-Year,No,23.2,0
39,33.39,1,One-Year,Yes,350.5,0
18,137.58,1,Month-to-Month,Yes,394.2,1
1,93.92,2,One-Year,Yes,18.8,0
63,121.44,2,Month-to-Month,Yes,301.6,0
3,123.28,1,Month-to-Month,No,298.3,1
21,53.34,0,Month-to-Month,Yes,195.6,0
30,88.79,2,Month-to-Month,No,377.4,1
11,144.86,0,Month-to-Month,No,219.8,1
22,31.65,0,One-Year,Yes,341.6,0
57,108.8,2,Month-to-Month,Yes,263.4,1
3,145.09,0,Month-to-Month,Yes,131.7,1
30,59.08,0,One-Year,No,307.2,0
45,131.99,1,One-Year,Yes,371.1,0
36,141.38,1,Month-to-Month,Yes,487.2,0
64,117.12,3,Month-to-Month,Yes,196.3,0
54,50.07,0,Month-to-Month,Yes,41.6,1
68,63.42,3,One-Year,No,494.1,0
50,24.66,1,Two-Year,Yes,315.7,0
31,128.09,2,One-Year,Yes,473.8,0
29,130.45,0,Month-to-Month,Yes,60.9,0
59,102.25,1,One-Year,Yes,177.6,0
36,65.83,1,Month-to-Month,Yes,75.6,1
67,29.99,1,Month-to-Month,Yes,419.4,0
11,117.9,6,Month-to-Month,Yes,441.4,1
11,114.45,2,One-Year,Yes,255.6,1
26,138.64,1,One-Year,Yes,101.4,1
53,114.97,2,One-Year,Yes,72.3,0
14,127.73,4,One-Year,No,298.2,1
64,116.97,1,Month-to-Month,No,258.1,1
10,101.99,1,Month-to-Month,Yes,350.4,1
31,75.51,2,One-Year,Yes,159.6,0
36,137.28,1,One-Year,No,207.2,0
10,104.63,1,One-Year,Yes,20.5,0
26,71.79,1,Month-to-Month,No,309.0,0
20,30.85,0,One-Year,No,217.3,0
44,57.79,1,Month-to-Month,Yes,460.7,0
62,90.68,1,One-Year,Yes,324.5,0
9,55.83,0,Month-to-Month,Yes,205.4,1
71,48.76,3,Two-Year,Yes,139.2,0
24,88.56,2,Month-to-Month,No,453.6,1
12,42.08,4,One-Year,No,18.0,0
60,124.05,0,One-Year,Yes,170.2,0
16,82.97,0,Month-to-Month,Yes,472.3,1
29,94.6,2,Month-to-Month,Yes,330.5,0
32,39.16,1,One-Year,Yes,271.0,0
35,62.19,2,Month-to-Month,Yes,109.7,0
43,73.31,0,Month-to-Month,No,418.4,0
53,125.07,2,Two-Year,Yes,110.1,0
20,120.12,0,One-Year,Yes,131.6,0
8,48.99,2,Month-to-Month,Yes,104.0,1
42,100.1,2,One-Year,Yes,87.5,0
70,51.65,1,One-Year,Yes,477.1,0
16,148.47,0,Two-Year,Yes,305.0,0
69,143.78,0,One-Year,Yes,322.5,0
53,93.22,2,Two-Year,No,477.6,1
45,110.86,2,Month-to-Month,Yes,123.0,1
51,124.19,4,One-Year,Yes,12.9,1
6,113.73,1,Month-to-Month,No,303.5,1
33,110.98,2,Month-to-Month,No,258.8,1
15,144.61,2,One-Year,Yes,244.0,0
14,97.54,0,Month-to-Month,Yes,40.3,0
39,102.72,2,One-Year,No,232.7,0
63,130.4,0,Two-Year,Yes,150.9,0
5,107.09,1,Month-to-Month,Yes,144.5,1
52,115.28,0,Month-to-Month,Yes,119.0,0
16,50.44,3,One-Year,Yes,172.9,0
38,68.26,2,Two-Year,Yes,183.0,0
53,39.15,4,One-Year,Yes,161.3,0
53,85.75,2,One-Year,No,489.6,0
46,79.24,1,Month-to-Month,No,467.0,0
15,149.63,0,Month-to-Month,No,291.5,1
59,99.46,0,One-Year,Yes,490.7,0
50,122.24,1,Month-to-Month,Yes,495.7,1
9,63.42,1,Two-Year,No,184.4,1
26,128.1,1,Month-to-Month,Yes,228.1,0
3,99.96,4,One-Year,Yes,479.9,0
47,110.61,0,One-Year,Yes,308.2,0
5,58.28,2,One-Year,Yes,114.3,1
62,91.32,2,One-Year,Yes,347.8,0
5,102.42,0,Two-Year,Yes,110.8,0
10,96.58,1,Two-Year,No,176.3,1
63,138.98,1,Two-Year,Yes,121.5,0
25,136.78,0,Two-Year,No,130.0,0
44,146.23,1,One-Year,No,12.3,0
25,106.77,2,One-Year,Yes,441.5,0
30,146.35,1,Month-to-Month,No,155.0,1
14,128.22,2,Month-to-Month,Yes,52.3,1
43,55.21,3,Month-to-Month,Yes,52.6,0
28,75.57,0,Month-to-Month,Yes,282.4,0
19,50.99,3,Month-to-Month,Yes,496.5,1
42,20.55,0,Month-to-Month,Yes,81.1,0
20,44.45,2,Two-Year,Yes,58.8,0
11,20.53,0,Two-Year,Yes,224.8,0
54,113.58,2,Month-to-Month,Yes,286.0,0
24,75.32,2,Month-to-Month,Yes,154.2,1
70,60.63,4,Two-Year,Yes,158.2,0
17,119.02,3,Two-Year,Yes,218.0,0
28,128.22,2,Two-Year,No,163.9,1
50,146.79,0,Two-Year,Yes,458.5,0
55,103.46,2,Two-Year,No,30.6,0
10,80.0,3,Month-to-Month,Yes,124.9,1
21,59.68,1,Month-to-Month,Yes,406.2,0
58,48.9,1,One-Year,Yes,418.6,0
34,47.68,2,Month-to-Month,Yes,64.7,1
43,73.19,1,Two-Year,No,487.1,0
11,148.93,2,One-Year,Yes,349.7,0
33,20.11,0,One-Year,Yes,143.6,1
58,45.64,0,Month-to-Month,Yes,233.5,1
46,44.49,1,One-Year,Yes,155.6,0
61,113.23,0,One-Year,No,83.5,0
62,65.82,1,Two-Year,Yes,152.7,0
1,79.44,0,Month-to-Month,No,294.2,0
21,39.32,1,Two-Year,Yes,414.7,0
62,72.65,2,Two-Year,Yes,188.1,0
64,33.42,3,One-Year,Yes,180.5,1
56,89.3,1,One-Year,Yes,239.3,0
1,32.73,3,One-Year,No,325.8,0
21,122.77,0,Month-to-Month,Yes,378.3,1
22,93.66,3,Month-to-Month,Yes,170.1,0
54,114.12,2,Two-Year,No,297.3,0
4,74.41,0,One-Year,Yes,200.8,0
65,69.59,1,Month-to-Month,Yes,361.0,1
51,32.77,2,One-Year,Yes,90.7,0
63,88.1,3,Month-to-Month,Yes,135.9,0
15,86.89,2,Month-to-Month,Yes,218.8,1
36,80.85,1,One-Year,Yes,445.8,1
29,116.27,1,Month-to-Month,No,290.9,0
52,128.23,1,Month-to-Month,Yes,483.0,0
46,117.6,1,Month-to-Month,No,60.6,1
69,38.7,4,One-Year,Yes,235.5,0
29,100.87,1,Month-to-Month,Yes,215.3,1
47,30.44,0,Month-to-Month,No,304.1,0
25,110.3,6,Month-to-Month,No,407.9,1
16,69.64,1,Month-to-Month,Yes,422.3,0
41,37.22,0,Month-to-Month,Yes,338.4,1
65,132.07,2,Month-to-Month,No,324.4,1
69,99.82,1,Month-to-Month,No,475.0,1
20,66.11,5,Two-Year,No,198.0,0
69,23.99,2,Month-to-Month,Yes,418.1,0
36,89.85,1,Month-to-Month,Yes,461.5,1
58,140.02,3,Month-to-Month,Yes,250.9,1
48,97.53,0,Month-to-Month,No,367.3,0
2,146.31,1,One-Year,Yes,194.7,1
29,37.74,2,Month-to-Month,Yes,87.9,0
16,93.88,1,Month-to-Month,No,297.4,1
35,123.76,4,Month-to-Month,Yes,106.3,0
62,88.32,2,One-Year,No,234.2,0
4,31.84,1,Month-to-Month,Yes,437.7,1
68,95.78,2,One-Year,Yes,52.1,0
51,99.53,2,Month-to-Month,Yes,24.9,0
33,114.73,1,Month-to-Month,Yes,307.2,0
24,118.96,1,One-Year,Yes,172.2,0
25,120.2,3,One-Year,Yes,214.8,1
28,106.25,2,One-Year,Yes,208.8,1
7,48.06,0,Month-to-Month,No,52.4,1
36,72.55,2,One-Year,Yes,11.7,0
10,120.9,3,Month-to-Month,Yes,450.2,1
36,143.95,1,One-Year,Yes,116.7,0
18,30.26,2,One-Year,Yes,218.8,1
6,89.62,1,Month-to-Month,No,486.2,1
7,60.63,1,One-Year,Yes,415.1,0
12,49.3,1,One-Year,Yes,62.9,0
41,85.76,3,Month-to-Month,No,259.2,1
63,98.79,1,Two-Year,Yes,367.7,0
25,21.27,4,Two-Year,Yes,352.2,0
53,121.43,1,Month-to-Month,No,382.8,1
33,126.58,4,Two-Year,No,234.2,0
6,145.52,2,Month-to-Month,Yes,96.2,1
62,43.48,1,One-Year,Yes,237.8,0
66,97.29,1,Two-Year,No,327.5,0
9,75.46,1,One-Year,Yes,308.2,1
67,63.53,2,Month-to-Month,No,44.6,0
16,93.53,2,Two-Year,No,41.8,0
55,121.71,2,Month-to-Month,Yes,483.0,1
40,23.0,2,Month-to-Month,Yes,84.4,0
26,146.02,2,Month-to-Month,Yes,154.3,0
38,125.28,1,Two-Year,Yes,386.1,0
35,117.65,2,Two-Year,Yes,210.7,0
68,118.85,0,Month-to-Month,No,98.9,0
59,70.58,1,Two-Year,Yes,238.9,0
14,117.71,2,Month-to-Month,Yes,288.8,1
47,70.28,2,Two-Year,No,231.9,0
71,136.83,3,One-Year,Yes,460.3,1
42,43.04,0,Month-to-Month,Yes,149.5,0
51,58.01,2,Month-to-Month,Yes,334.1,0
19,91.67,0,Month-to-Month,Yes,65.0,0
66,61.5,4,Month-to-Month,No,202.2,0
47,75.15,2,One-Year,Yes,373.1,0
65,84.01,1,Month-to-Month,Yes,120.2,0
42,131.33,2,Two-Year,Yes,299.0,0
38,88.01,0,One-Year,No,85.2,0
13,67.12,0,One-Year,No,60.3,0
44,52.21,3,Month-to-Month,Yes,266.4,0
24,73.13,1,Two-Year,No,340.8,0
30,87.05,0,One-Year,Yes,65.5,1
70,116.99,1,Two-Year,Yes,459.7,0
38,35.74,0,Two-Year,No,120.6,0
23,48.81,0,Month-to-Month,Yes,68.8,1
57,69.36,4,Month-to-Month,Yes,109.3,1
23,66.85,1,Two-Year,Yes,93.1,0
36,70.93,5,Two-Year,Yes,54.4,0
57,123.16,2,One-Year,Yes,400.9,0
1,62.14,2,Month-to-Month,Yes,252.8,1
3,85.25,1,One-Year,Yes,200.4,0
14,101.11,1,Month-to-Month,Yes,475.8,1
34,50.18,3,Month-to-Month,Yes,191.8,1
70,113.43,0,Month-to-Month,Yes,91.8,0
69,91.12,1,Month-to-Month,No,144.3,0
51,78.08,2,Month-to-Month,Yes,127.1,0
29,125.27,0,Two-Year,No,254.4,0
48,51.65,0,Two-Year,No,152.8,0
16,134.81,0,Two-Year,Yes,262.9,1
57,92.94,1,Two-Year,Yes,338.0,0
10,99.19,1,Month-to-Month,Yes,390.9,1
19,133.76,0,Two-Year,Yes,358.0,0
67,126.29,1,Two-Year,Yes,110.7,0
36,98.2,2,Two-Year,Yes,66.8,0
4,117.91,2,One-Year,Yes,275.8,1
33,76.33,0,Month-to-Month,No,107.5,1
28,91.16,1,Month-to-Month,No,51.6,1
9,28.07,2,Month-to-Month,Yes,268.3,0
6,31.68,3,Two-Year,Yes,170.1,1
49,127.83,1,Month-to-Month,Yes,380.5,0
22,27.76,5,Two-Year,Yes,164.0,0
48,42.02,1,Month-to-Month,No,489.6,0
21,123.46,1,One-Year,No,381.7,0
33,20.15,1,Month-to-Month,Yes,38.3,0
56,56.71,0,Month-to-Month,Yes,259.3,1
29,95.93,2,Month-to-Month,Yes,285.7,1
53,97.41,1,One-Year,No,350.7,0
40,121.03,1,Month-to-Month,Yes,253.9,0
18,85.77,0,One-Year,Yes,246.9,1
47,86.22,2,Month-to-Month,No,190.3,0
13,114.29,2,Two-Year,No,143.0,0
27,84.82,0,Month-to-Month,No,473.6,0
62,99.1,1,One-Year,Yes,165.6,0
45,136.71,3,Month-to-Month,Yes,41.1,0
3,72.19,1,One-Year,Yes,92.0,0
22,70.07,2,Month-to-Month,No,430.1,1
27,20.46,1,One-Year,No,297.5,0
55,99.75,0,Two-Year,No,391.6,0
67,23.87,3,Month-to-Month,Yes,406.3,0
33,85.54,1,Month-to-Month,No,413.4,1
2,124.55,2,One-Year,Yes,279.8,0
46,91.49,8,One-Year,Yes,96.8,1
33,55.05,0,Month-to-Month,Yes,82.6,0
58,122.2,3,Month-to-Month,Yes,291.3,1
7,55.06,3,Month-to-Month,Yes,189.6,1
15,115.29,2,Month-to-Month,No,283.4,1
26,99.33,1,Month-to-Month,No,254.3,0
11,42.1,0,Two-Year,Yes,305.1,0
38,137.67,1,Month-to-Month,Yes,25.7,1
27,46.08,0,One-Year,Yes,26.1,0
7,148.65,3,Two-Year,Yes,363.6,1
1,20.95,5,Month-to-Month,Yes,104.6,1
21,54.25,1,One-Year,No,329.6,0
30,45.98,1,Two-Year,Yes,277.8,0
8,21.82,0,Month-to-Month,No,491.1,0
3,115.21,0,Month-to-Month,No,419.3,0
55,110.15,1,Two-Year,Yes,212.4,1
15,123.01,2,Two-Year,Yes,312.0,0
36,53.37,1,Month-to-Month,No,67.5,0
6,77.76,2,Month-to-Month,Yes,199.3,0
42,105.68,2,Month-to-Month,No,369.6,0
50,77.17,2,Month-to-Month,No,315.1,0
18,110.65,1,Month-to-Month,Yes,247.4,1
50,102.42,1,One-Year,No,96.5,0
30,34.9,2,Two-Year,Yes,403.5,0
39,121.54,1,Month-to-Month,No,143.9,1
12,113.69,1,Two-Year,Yes,412.0,1
59,105.26,3,Month-to-Month,No,309.7,0
44,40.16,1,Month-to-Month,Yes,192.6,0
4,54.84,3,One-Year,No,29.9,1
36,71.11,1,Month-to-Month,Yes,123.9,0
48,56.39,2,Month-to-Month,Yes,445.6,0
14,49.62,3,Two-Year,Yes,410.8,0
49,124.7,0,Month-to-Month,No,291.7,0
67,102.97,1,One-Year,Yes,238.5,0
9,93.51,2,Month-to-Month,Yes,327.1,1
21,49.37,2,Month-to-Month,No,238.5,0
16,139.35,1,One-Year,No,325.7,0
16,44.85,3,Two-Year,Yes,160.6,0
28,123.34,1,Month-to-Month,No,420.9,1
51,145.67,4,One-Year,Yes,353.9,1
56,114.52,2,Two-Year,No,171.7,0
57,149.07,4,One-Year,No,417.0,0
52,104.64,1,Month-to-Month,Yes,248.8,0
46,48.27,1,One-Year,Yes,95.6,0
38,46.5,2,One-Year,Yes,48.1,0
48,62.19,1,One-Year,Yes,352.8,0
41,20.93,2,Month-to-Month,No,433.9,0
59,108.62,3,Month-to-Month,Yes,405.6,1
67,54.93,4,One-Year,No,331.3,0
66,125.97,1,Month-to-Month,Yes,79.3,0
27,66.69,1,One-Year,No,56.1,0
32,82.39,0,Two-Year,No,179.1,0
56,145.54,0,Two-Year,No,428.9,1
10,51.48,1,Month-to-Month,Yes,481.3,0
40,113.76,1,Month-to-Month,Yes,128.3,0
17,118.17,2,One-Year,Yes,383.4,0
58,48.73,0,One-Year,Yes,291.2,0
6,85.13,1,Two-Year,Yes,25.6,1
39,65.53,2,One-Year,No,276.0,0
18,120.35,1,Month-to-Month,Yes,404.9,1
42,100.92,2,One-Year,Yes,145.3,1
4,81.88,2,One-Year,Yes,449.7,0
20,121.32,1,One-Year,Yes,125.8,0
28,50.57,4,One-Year,Yes,47.5,0
40,117.97,1,Month-to-Month,No,88.4,0
65,132.5,3,Month-to-Month,Yes,420.1,1
44,134.22,3,Month-to-Month,No,214.5,1
23,121.88,0,Month-to-Month,Yes,400.5,1
57,73.04,5,Month-to-Month,No,270.3,1
47,147.64,3,Two-Year,Yes,245.5,1
13,69.35,1,Month-to-Month,No,405.4,0
16,103.02,1,Two-Year,Yes,217.5,1
55,40.94,2,Month-to-Month,Yes,403.0,0
65,147.46,3,Month-to-Month,Yes,59.3,1
16,111.52,1,Month-to-Month,No,321.8,1
37,117.94,1,Month-to-Month,No,354.3,1
52,28.55,0,Two-Year,Yes,450.6,0
10,119.24,0,Month-to-Month,Yes,119.9,1
38,120.71,1,Month-to-Month,Yes,306.1,0
44,107.33,0,Two-Year,Yes,222.3,0
54,57.95,0,Month-to-Month,Yes,197.6,1
51,83.66,1,Month-to-Month,Yes,62.3,0
52,34.36,0,Month-to-Month,No,75.8,0
70,81.31,2,Month-to-Month,No,420.1,0
59,51.7,3,Month-to-Month,Yes,377.4,0
13,65.38,2,Month-to-Month,Yes,197.3,1
41,41.14,1,Two-Year,Yes,416.0,0
12,49.91,3,Two-Year,Yes,49.6,0
50,29.95,1,Month-to-Month,Yes,316.1,0
57,139.59,4,Month-to-Month,Yes,435.4,1
50,88.95,1,Month-to-Month,No,421.0,0
57,71.58,1,One-Year,No,192.7,0
54,89.55,2,Month-to-Month,Yes,375.2,0
66,101.68,3,Two-Year,Yes,219.5,0
8,139.84,0,One-Year,No,421.7,1
63,43.23,1,Month-to-Month,No,270.1,0
9,58.42,0,One-Year,Yes,384.8,1
60,146.85,1,Month-to-Month,No,48.5,1
63,68.26,2,Month-to-Month,Yes,299.1,1
3,22.93,2,Month-to-Month,Yes,279.6,1
13,39.19,2,Month-to-Month,Yes,308.9,1
9,23.42,4,One-Year,No,350.9,1
52,148.69,1,One-Year,Yes,459.9,0
62,56.25,2,Month-to-Month,Yes,395.0,1
8,140.06,0,Two-Year,No,117.6,0
45,149.47,1,Month-to-Month,No,414.7,1
53,97.98,3,Month-to-Month,No,69.8,0
63,24.32,3,Month-to-Month,Yes,314.9,1
57,30.61,0,One-Year,No,442.5,0
54,82.61,2,Two-Year,Yes,59.5,1
19,72.8,1,One-Year,Yes,426.3,0
67,98.8,1,Two-Year,Yes,401.3,0
46,77.05,4,Month-to-Month,Yes,256.8,0
10,141.43,0,Month-to-Month,Yes,161.4,0
18,89.52,0,One-Year,No,208.7,1
12,110.18,0,One-Year,Yes,484.6,1
49,136.54,1,Month-to-Month,Yes,108.8,1
23,39.09,3,Two-Year,Yes,294.0,0
62,49.87,1,Month-to-Month,Yes,50.8,0
11,33.95,2,Month-to-Month,Yes,116.8,0
56,38.15,1,One-Year,No,384.0,1
55,86.64,0,One-Year,No,158.3,0
25,61.75,3,Month-to-Month,No,493.0,1
9,75.01,2,Month-to-Month,Yes,255.4,1
12,147.72,2,Month-to-Month,Yes,263.1,0
11,40.37,1,One-Year,Yes,27.8,0
38,90.31,0,One-Year,No,478.7,0
28,32.85,2,One-Year,Yes,95.4,0
8,61.4,2,Month-to-Month,Yes,273.8,0
47,88.58,2,Two-Year,Yes,203.9,1
36,143.06,1,Two-Year,Yes,213.6,0
50,70.86,2,Month-to-Month,Yes,325.2,0
9,28.44,2,Month-to-Month,Yes,334.4,1
60,70.46,1,Month-to-Month,No,85.6,0
67,38.95,3,Month-to-Month,No,254.8,0
53,49.9,4,Two-Year,Yes,397.3,0
17,100.35,0,One-Year,Yes,227.2,1
53,28.77,4,Two-Year,No,91.2,0
28,80.41,1,Month-to-Month,Yes,163.5,1
63,99.23,4,One-Year,Yes,114.1,0
15,74.84,2,Month-to-Month,No,71.7,1
19,22.49,5,Month-to-Month,Yes,195.0,1
70,148.12,2,One-Year,Yes,275.1,0
47,67.73,0,Month-to-Month,Yes,45.6,0
71,121.22,2,One-Year,Yes,305.9,0
48,62.33,3,One-Year,Yes,496.6,1
20,81.75,2,Two-Year,Yes,482.4,1
37,70.5,1,Month-to-Month,Yes,416.3,0
2,64.53,1,One-Year,Yes,140.5,0
64,22.84,3,Two-Year,Yes,21.0,0
36,66.8,2,Two-Year,Yes,418.4,0
5,135.63,3,One-Year,Yes,37.3,1
64,109.75,5,One-Year,Yes,110.8,0
7,38.9,1,Month-to-Month,Yes,276.8,0
70,96.85,1,One-Year,Yes,97.4,0
22,135.99,3,One-Year,Yes,418.6,1
46,111.0,2,One-Year,Yes,390.8,0
40,39.33,2,One-Year,Yes,380.3,0
61,132.82,2,Month-to-Month,Yes,409.9,0
46,59.2,1,Month-to-Month,No,117.7,1
28,79.03,5,One-Year,Yes,367.2,0
35,88.4,0,Month-to-Month,Yes,184.1,1
1,130.57,2,Month-to-Month,Yes,336.8,1
29,141.11,2,Month-to-Month,No,69.8,1
9,140.85,1,Month-to-Month,Yes,355.7,1
9,21.03,0,Two-Year,Yes,486.3,0
22,139.85,0,One-Year,Yes,31.4,0
63,27.07,1,Month-to-Month,Yes,56.0,0
66,54.55,1,Month-to-Month,No,70.6,0
58,86.95,3,Month-to-Month,No,221.0,1
70,82.39,2,Month-to-Month,Yes,152.5,0
55,98.61,2,Month-to-Month,Yes,405.4,0
13,82.33,1,Two-Year,No,242.2,0
19,141.47,1,Month-to-Month,Yes,247.4,1
33,51.27,3,One-Year,Yes,361.3,0
65,55.62,2,Two-Year,No,187.4,0
60,139.7,0,Two-Year,Yes,183.1,1
12,29.98,2,Month-to-Month,No,380.9,0
43,99.24,2,One-Year,Yes,392.2,1
17,108.63,3,Month-to-Month,Yes,17.1,1
68,85.72,1,Month-to-Month,Yes,80.5,0
29,110.25,2,Month-to-Month,No,114.4,1
55,42.46,1,Two-Year,Yes,182.3,0
7,130.84,2,Month-to-Month,Yes,152.8,1
44,38.2,3,One-Year,No,337.6,0
5,72.11,2,One-Year,Yes,415.8,1
60,29.78,1,Two-Year,Yes,104.1,0
6,90.88,1,One-Year,Yes,285.9,0
7,107.07,1,Month-to-Month,Yes,190.2,1
46,142.36,2,Month-to-Month,Yes,257.8,0
57,116.11,2,Month-to-Month,Yes,314.2,1
54,90.34,4,One-Year,No,447.9,1
46,141.24,3,One-Year,Yes,104.2,0
10,82.2,3,One-Year,No,52.6,0
4,92.96,2,Month-to-Month,Yes,317.3,1
67,97.49,2,One-Year,No,203.1,1
25,73.3,1,One-Year,Yes,89.8,0
61,129.0,1,Two-Year,Yes,67.4,0
38,44.07,0,One-Year,Yes,283.9,1
32,92.13,0,Month-to-Month,Yes,157.2,1
23,113.89,3,Month-to-Month,Yes,498.7,1
37,137.52,0,Month-to-Month,Yes,208.9,0
3,134.91,3,One-Year,Yes,114.0,1
13,86.14,2,One-Year,Yes,318.1,0
34,103.61,3,Month-to-Month,Yes,129.7,0
65,71.25,3,Month-to-Month,No,252.1,0
8,80.86,2,Month-to-Month,No,246.5,1
9,137.81,0,Two-Year,Yes,232.2,1
28,140.99,2,Month-to-Month,Yes,400.1,0
18,136.4,1,Month-to-Month,Yes,116.1,1
42,37.99,1,Month-to-Month,No,453.1,0
41,130.51,1,Month-to-Month,No,397.8,1
70,143.29,1,One-Year,Yes,173.2,0
33,66.96,0,Two-Year,Yes,98.5,0
54,87.42,2,Month-to-Month,Yes,147.0,1
36,121.28,0,One-Year,Yes,173.0,0
56,93.07,1,Month-to-Month,Yes,282.9,1
17,149.15,2,Two-Year,Yes,32.7,0
10,79.24,3,Month-to-Month,Yes,458.0,1
44,112.81,3,Month-to-Month,Yes,58.4,1
2,123.04,0,One-Year,No,146.8,1
14,84.23,1,Month-to-Month,Yes,63.6,1
41,131.41,1,Month-to-Month,Yes,135.8,1
2,91.0,0,One-Year,Yes,420.5,0
19,73.51,2,One-Year,Yes,311.4,1
1,34.02,0,Month-to-Month,No,121.4,0
2,71.14,0,One-Year,Yes,437.2,0
27,115.41,0,One-Year,Yes,402.3,0
2,139.77,2,One-Year,Yes,379.3,1
51,52.72,1,One-Year,Yes,425.3,0
10,66.18,2,One-Year,No,313.6,1
19,40.01,1,Month-to-Month,Yes,255.7,1
13,109.79,3,Month-to-Month,Yes,193.2,1
48,144.82,3,Month-to-Month,Yes,119.6,1
56,103.32,1,Month-to-Month,Yes,283.1,1
56,100.22,1,One-Year,Yes,445.9,0
50,91.95,3,Month-to-Month,Yes,301.1,1
45,31.5,0,Month-to-Month,Yes,460.6,0
59,114.84,1,Month-to-Month,No,184.9,1
39,98.27,0,Month-to-Month,Yes,350.6,0
21,105.99,1,One-Year,Yes,327.8,0
55,136.85,4,Month-to-Month,Yes,338.5,1
57,121.91,2,One-Year,Yes,326.1,0
41,121.52,2,Month-to-Month,Yes,118.6,0
70,140.53,3,Two-Year,Yes,80.4,1
49,148.69,1,Two-Year,Yes,489.5,0
44,95.57,2,One-Year,No,32.2,0
35,34.15,0,Two-Year,Yes,239.2,0
5,79.69,2,One-Year,No,218.3,0
71,122.39,3,Two-Year,No,186.4,1
51,23.6,0,Two-Year,No,393.2,0
57,27.4,3,Two-Year,Yes,375.2,0
58,28.73,1,One-Year,No,453.6,0
36,115.03,5,One-Year,No,203.8,1
10,85.15,2,One-Year,Yes,286.4,0
50,67.96,2,Month-to-Month,Yes,447.2,1
37,33.73,5,Month-to-Month,Yes,497.0,0
20,115.19,2,Two-Year,Yes,485.0,0
13,61.73,2,Month-to-Month,Yes,361.7,0
19,54.49,0,One-Year,Yes,80.2,0
56,104.8,0,Month-to-Month,No,21.4,1
45,92.67,2,Month-to-Month,Yes,414.4,1
60,67.11,2,Two-Year,No,422.1,0
68,103.39,2,Two-Year,Yes,375.7,0
57,55.26,2,One-Year,Yes,147.2,0
54,123.33,3,Month-to-Month,Yes,323.5,0
37,49.81,0,Month-to-Month,Yes,165.0,0
37,40.65,2,Month-to-Month,No,230.8,1
14,121.72,2,Month-to-Month,Yes,197.4,1
44,112.03,0,Month-to-Month,Yes,457.7,0
42,43.74,2,One-Year,No,124.7,0
1,35.11,2,Month-to-Month,Yes,293.0,0
23,128.99,2,One-Year,No,186.9,1
64,120.96,2,Month-to-Month,Yes,334.9,1
28,62.54,5,Month-to-Month,Yes,286.6,1
4,105.57,3,Month-to-Month,Yes,462.7,0
41,36.14,2,Two-Year,No,59.8,0
60,85.92,0,One-Year,Yes,118.1,0
18,22.43,0,Month-to-Month,No,385.5,0
63,70.91,1,One-Year,No,190.7,0
61,29.73,1,Two-Year,Yes,91.2,0
49,81.77,4,One-Year,Yes,256.6,1
47,74.82,1,One-Year,No,329.5,0
39,77.77,2,Month-to-Month,Yes,32.0,1
6,25.89,4,One-Year,Yes,152.9,0
53,67.01,1,One-Year,Yes,406.6,0
25,118.34,2,One-Year,No,264.9,1
65,67.96,5,Two-Year,No,27.3,0
5,112.97,1,Month-to-Month,Yes,148.2,1
65,68.03,2,Month-to-Month,Yes,323.2,1
8,75.02,0,Two-Year,No,107.7,0
39,93.31,1,One-Year,Yes,415.4,1
43,143.59,0,Month-to-Month,No,341.5,0
5,34.15,1,Month-to-Month,Yes,241.0,1
4,24.28,1,Two-Year,No,458.7,0
1,99.03,0,Month-to-Month,No,202.0,1
56,143.38,2,Month-to-Month,Yes,125.2,1
45,148.66,1,Month-to-Month,Yes,334.1,1
65,82.94,1,Two-Year,Yes,290.9,0
3,80.85,2,Two-Year,Yes,174.3,1
22,103.85,0,One-Year,Yes,178.4,0
56,92.23,1,One-Year,Yes,205.1,1
18,102.43,1,Month-to-Month,Yes,152.7,0
25,133.62,2,Month-to-Month,Yes,358.0,1
48,117.02,2,Two-Year,No,329.2,0
31,84.59,3,Month-to-Month,Yes,226.0,1
30,80.04,3,Month-to-Month,Yes,204.9,1
66,103.15,0,One-Year,Yes,188.9,0
10,79.24,2,Month-to-Month,No,148.9,1
71,79.51,0,One-Year,Yes,52.0,0
59,22.12,0,One-Year,Yes,141.4,0
51,42.63,2,One-Year,Yes,167.4,1
9,83.51,1,Month-to-Month,No,278.4,1
54,126.94,1,Month-to-Month,No,389.2,1
62,56.23,1,One-Year,Yes,203.9,0
9,87.94,3,Two-Year,Yes,472.9,1
9,64.85,3,Month-to-Month,Yes,415.4,1
24,33.62,2,Two-Year,No,492.6,0
39,144.58,0,One-Year,Yes,439.3,0
8,131.11,3,Two-Year,Yes,312.2,1
25,30.2,1,Month-to-Month,Yes,303.3,0
66,113.57,3,Month-to-Month,No,73.5,0
10,65.19,6,Month-to-Month,Yes,364.0,1
24,149.33,1,Month-to-Month,Yes,304.1,1
59,59.31,3,Two-Year,Yes,258.4,0
31,51.04,4,Month-to-Month,Yes,349.7,1
11,93.83,1,One-Year,Yes,227.6,0
6,128.57,2,Month-to-Month,Yes,266.7,1
70,45.03,2,One-Year,Yes,205.2,0
32,112.22,0,Month-to-Month,Yes,361.5,0
39,27.98,5,Month-to-Month,Yes,439.5,1
48,139.46,1,Month-to-Month,Yes,422.0,1
13,30.54,3,One-Year,Yes,395.2,1
59,138.85,4,Month-to-Month,Yes,16.8,1
67,83.8,0,Month-to-Month,Yes,456.8,0
56,78.25,1,Month-to-Month,Yes,144.7,0
41,146.53,2,Two-Year,Yes,445.1,0
56,148.75,1,One-Year,Yes,106.5,0
35,104.52,1,One-Year,Yes,225.4,0
38,36.53,3,One-Year,No,377.2,0
67,85.8,3,Month-to-Month,Yes,323.7,1
34,88.79,2,One-Year,Yes,213.8,0
70,86.88,1,Month-to-Month,Yes,342.5,0
11,94.03,1,Month-to-Month,Yes,279.0,0
27,22.43,4,One-Year,Yes,145.1,0
48,112.46,3,One-Year,No,326.7,1
24,112.61,2,Month-to-Month,Yes,110.1,1
18,35.01,1,Month-to-Month,Yes,350.1,0
27,94.13,1,One-Year,No,11.5,0
54,93.89,5,One-Year,Yes,278.9,1
55,108.72,2,Month-to-Month,Yes,206.5,0
21,31.1,2,Month-to-Month,Yes,158.5,0
59,101.45,2,Two-Year,Yes,262.7,0
34,56.5,2,One-Year,Yes,326.2,0
58,85.91,4,Two-Year,Yes,483.0,0
48,120.53,1,Month-to-Month,Yes,418.2,0
54,111.73,0,Month-to-Month,No,361.4,1
18,35.46,0,Month-to-Month,No,244.7,0
3,96.85,1,One-Year,No,202.2,1
24,145.99,3,Month-to-Month,No,25.9,1
1,40.38,1,Month-to-Month,Yes,186.0,0
6,130.88,2,Month-to-Month,Yes,425.7,1
19,111.33,2,One-Year,Yes,198.2,0
43,120.62,3,Month-to-Month,No,236.2,1
8,56.65,1,One-Year,Yes,143.2,0
69,57.43,4,Two-Year,Yes,144.3,0
52,137.78,1,One-Year,No,40.3,0
47,66.78,4,Month-to-Month,No,310.8,0
28,28.19,2,Two-Year,No,229.6,0
46,98.08,5,Month-to-Month,Yes,306.9,1
4,36.23,3,Month-to-Month,Yes,278.0,1
8,123.56,1,Two-Year,Yes,401.4,0
61,103.43,1,Month-to-Month,Yes,378.0,0
17,133.71,1,One-Year,Yes,388.0,0
34,122.03,2,Month-to-Month,Yes,254.6,0
20,34.57,0,One-Year,Yes,183.4,0
34,69.54,0,One-Year,Yes,467.4,0
43,120.69,2,Month-to-Month,No,36.6,0
10,74.25,1,One-Year,No,84.8,0
30,146.41,5,One-Year,Yes,215.6,1
25,115.65,1,Month-to-Month,Yes,310.8,0
57,22.01,1,Month-to-Month,Yes,14.0,1
63,134.4,2,Month-to-Month,Yes,362.5,1
71,33.1,0,Two-Year,No,283.8,0
47,38.27,1,One-Year,No,247.5,1
3,115.48,1,Two-Year,No,217.5,0
46,132.45,2,Month-to-Month,Yes,264.5,1
36,89.73,2,Month-to-Month,No,89.3,1
26,57.58,1,Month-to-Month,Yes,63.3,0
10,65.67,0,Month-to-Month,Yes,151.9,1
34,64.58,1,One-Year,Yes,357.7,0
8,62.47,3,Two-Year,No,298.3,0
55,51.58,2,Month-to-Month,Yes,245.3,0
10,99.15,2,Two-Year,Yes,290.0,0
57,137.05,3,Month-to-Month,Yes,284.0,1
45,59.92,2,Two-Year,Yes,160.5,1
50,44.27,1,Month-to-Month,Yes,57.8,0
64,129.02,3,Two-Year,Yes,449.4,1
2,116.43,1,Month-to-Month,Yes,304.0,1
45,141.01,2,Two-Year,Yes,351.9,0
62,41.52,0,Month-to-Month,Yes,237.4,0
14,38.75,0,Month-to-Month,Yes,380.7,1
15,90.39,5,Month-to-Month,Yes,296.4,1
14,99.88,1,Month-to-Month,No,36.4,1
31,82.42,3,One-Year,Yes,446.1,1
29,97.87,4,Two-Year,Yes,159.7,0
27,43.45,1,One-Year,Yes,77.6,0
9,82.35,0,One-Year,Yes,53.1,0
20,105.55,1,Month-to-Month,No,363.0,0
58,76.25,3,One-Year,Yes,354.9,0
49,108.33,0,Month-to-Month,Yes,353.1,0
57,78.65,1,Two-Year,Yes,458.7,0
16,63.37,0,Month-to-Month,Yes,181.0,1
8,59.47,2,One-Year,Yes,285.0,0
67,73.42,1,Month-to-Month,No,313.6,0
19,23.0,2,Month-to-Month,No,489.9,1
67,106.91,0,Month-to-Month,Yes,163.0,1
36,129.86,1,Month-to-Month,Yes,478.6,1
60,66.1,1,Month-to-Month,No,82.9,0
36,25.98,1,Month-to-Month,Yes,384.4,1
11,148.28,1,Two-Year,Yes,320.1,0
51,54.28,1,Month-to-Month,Yes,410.3,1
55,36.46,0,Two-Year,Yes,24.1,0
54,68.07,2,Month-to-Month,No,48.3,0
17,116.01,2,Month-to-Month,No,44.2,1
62,58.21,2,One-Year,No,300.6,0
42,94.71,1,One-Year,Yes,305.4,0
24,74.02,8,Month-to-Month,No,454.0,1
17,35.31,6,One-Year,Yes,239.1,0
48,62.94,0,Month-to-Month,Yes,43.3,0
70,114.23,0,One-Year,Yes,112.7,0
7,99.56,2,One-Year,Yes,14.0,1
14,35.57,2,Month-to-Month,Yes,390.6,1
11,41.23,3,Two-Year,No,409.6,1
12,103.3,2,One-Year,Yes,499.0,1
5,125.74,0,Month-to-Month,Yes,212.0,1
5,65.43,1,Two-Year,No,19.5,0
20,97.39,1,Two-Year,No,125.0,0
54,42.18,5,One-Year,Yes,298.0,1
55,60.48,1,Month-to-Month,Yes,481.4,0
58,22.64,3,Two-Year,No,60.8,0
30,119.88,2,Month-to-Month,No,69.6,0
24,72.13,4,Month-to-Month,Yes,353.9,0
3,126.1,1,Month-to-Month,Yes,336.9,1
48,112.09,2,One-Year,Yes,132.7,0
71,127.74,0,Two-Year,No,408.4,0
22,57.14,0,One-Year,Yes,73.1,0
14,44.06,1,Two-Year,Yes,463.6,0
48,146.35,2,Month-to-Month,No,108.5,1
29,113.25,2,Month-to-Month,Yes,49.9,1
50,128.43,3,One-Year,No,176.4,0
10,21.71,3,Two-Year,Yes,102.0,0
71,66.08,3,One-Year,Yes,268.2,0
27,116.57,1,Month-to-Month,Yes,346.6,1
28,30.14,1,Month-to-Month,No,250.6,0
9,93.75,0,Month-to-Month,No,333.7,1
71,75.78,1,Month-to-Month,No,188.8,0
26,22.29,5,Month-to-Month,Yes,23.7,1
8,50.68,1,Two-Year,Yes,487.3,0
2,57.02,2,One-Year,Yes,411.5,1
57,34.54,0,One-Year,Yes,46.0,1
52,102.1,1,Month-to-Month,Yes,230.1,1
58,51.51,2,Month-to-Month,No,321.2,0
3,56.09,1,One-Year,Yes,103.4,0
8,136.77,2,Two-Year,No,293.2,1
59,80.73,1,One-Year,No,271.5,0
2,70.98,0,Two-Year,Yes,112.0,0
62,114.1,3,Two-Year,No,79.2,0
49,138.25,0,Month-to-Month,Yes,381.9,1
20,23.25,2,Month-to-Month,No,168.1,1
29,78.27,3,One-Year,Yes,129.6,0
17,99.4,5,Month-to-Month,Yes,371.6,0
22,61.41,4,Month-to-Month,Yes,370.7,0
6,120.41,3,Month-to-Month,No,145.4,0
62,146.29,1,Month-to-Month,No,437.6,1
31,142.65,1,Two-Year,Yes,347.2,0
62,54.58,1,Month-to-Month,No,179.4,0
12,49.42,0,Month-to-Month,Yes,219.5,0
12,144.47,1,One-Year,No,366.1,1
63,79.62,3,One-Year,Yes,113.7,0
16,47.08,3,One-Year,Yes,239.7,0
25,111.91,0,Two-Year,Yes,330.2,0
22,56.97,1,One-Year,Yes,274.4,0
18,54.74,2,One-Year,Yes,308.1,0
45,134.3,4,Month-to-Month,Yes,277.6,1
68,41.12,2,Month-to-Month,Yes,107.6,0
12,28.37,1,One-Year,Yes,211.0,0
49,54.99,1,Two-Year,No,270.7,0
33,98.9,2,Two-Year,Yes,392.2,0
63,36.0,1,One-Year,Yes,330.4,0
18,81.31,4,One-Year,Yes,219.0,0
54,101.55,1,Month-to-Month,Yes,487.5,0
27,130.34,1,Month-to-Month,No,62.8,1
25,49.88,1,Month-to-Month,No,111.3,0
34,126.26,2,Month-to-Month,Yes,177.2,1
60,50.54,1,Month-to-Month,Yes,122.0,1
54,107.98,2,Month-to-Month,No,316.5,0
5,75.99,2,One-Year,No,29.4,0
36,34.91,1,One-Year,Yes,96.9,0
54,112.85,0,One-Year,Yes,153.7,0
36,48.31,1,Month-to-Month,Yes,344.8,0
69,42.96,1,Month-to-Month,Yes,439.2,0
39,66.58,3,Two-Year,No,401.3,1
70,104.93,0,Month-to-Month,Yes,99.2,0
4,50.42,2,Two-Year,Yes,287.0,0
65,43.88,1,Month-to-Month,Yes,24.7,0
40,21.29,1,One-Year,Yes,162.2,0
37,81.31,4,Month-to-Month,Yes,404.9,1
67,75.72,5,Month-to-Month,Yes,233.8,1
31,50.4,0,Month-to-Month,No,83.5,0
47,26.97,1,One-Year,Yes,224.9,0
27,75.8,0,Month-to-Month,Yes,107.0,0
51,122.47,2,One-Year,Yes,202.7,0
20,112.99,1,Month-to-Month,Yes,249.0,0
13,131.9,0,Month-to-Month,Yes,181.3,1
63,21.25,1,Two-Year,Yes,469.1,0
44,145.63,3,Two-Year,No,285.6,0
24,64.38,1,One-Year,Yes,423.0,0
3,148.75,1,Month-to-Month,No,382.8,1
10,52.84,1,Month-to-Month,Yes,334.0,1
65,81.3,2,Two-Year,Yes,253.5,0
49,66.01,3,Month-to-Month,Yes,11.1,0
58,66.25,1,Two-Year,Yes,310.6,0
2,129.5,1,Month-to-Month,Yes,184.4,1
66,117.03,1,Two-Year,Yes,67.7,0
31,148.98,2,Month-to-Month,Yes,227.9,0
68,99.76,1,Month-to-Month,Yes,370.4,0
37,80.22,2,One-Year,Yes,481.2,0
24,31.71,1,Two-Year,No,193.3,0
44,149.55,0,Two-Year,No,275.9,0
41,91.7,1,One-Year,Yes,427.1,1
51,111.06,0,One-Year,Yes,173.7,0
42,72.88,1,One-Year,Yes,79.7,0
40,91.2,3,One-Year,Yes,148.1,0
48,142.54,2,Two-Year,No,450.6,0
4,41.63,3,Month-to-Month,Yes,88.1,1
60,58.01,2,One-Year,Yes,171.3,0
39,39.77,2,One-Year,No,237.7,0
5,122.99,2,One-Year,No,425.1,1
6,28.07,2,Two-Year,No,469.5,0
14,30.61,0,Month-to-Month,No,218.6,0
70,58.8,0,Month-to-Month,No,466.7,1
12,86.84,2,Month-to-Month,Yes,89.1,0
62,72.82,1,Month-to-Month,Yes,86.9,1
27,25.83,0,Month-to-Month,Yes,475.1,0
54,144.47,1,Two-Year,Yes,259.7,0
12,143.87,1,One-Year,No,101.1,0
8,56.32,2,Two-Year,Yes,249.1,1
16,115.1,3,Month-to-Month,Yes,393.8,1
52,95.21,3,Two-Year,Yes,415.2,0
26,50.87,3,One-Year,Yes,433.3,0
8,54.08,0,Month-to-Month,No,289.1,0
45,83.85,1,One-Year,Yes,434.8,0
19,74.5,3,Two-Year,Yes,259.9,0
17,57.86,2,Month-to-Month,Yes,307.5,0
65,124.98,0,One-Year,Yes,381.8,0
29,82.59,2,Two-Year,No,218.5,0
14,105.13,2,Month-to-Month,Yes,46.1,0
17,44.61,1,One-Year,No,181.6,0
13,89.36,2,Month-to-Month,No,315.7,0
63,61.34,2,Month-to-Month,No,104.2,0
33,88.43,0,One-Year,Yes,82.7,0
29,121.51,0,Month-to-Month,No,153.6,1
37,119.96,3,One-Year,Yes,25.7,0
