sqft,bedrooms,bathrooms,location_score,year_built,garage_capacity,price,price_bucket_proxy
2248.4,3,3.4,2.3,1971,1,575900.0,564870.95
1930.9,1,2.0,4.98,1988,3,564400.0,552808.9
2323.8,2,2.9,4.01,2003,0,626200.0,612784.56
2761.5,2,2.0,5.7,2007,3,748900.0,733958.2
1882.9,4,3.7,6.27,1974,2,639900.0,627697.0
1882.9,4,4.4,1.08,1988,2,536000.0,526075.65
2789.6,1,1.7,7.85,2004,2,807300.0,791100.35
2383.7,5,4.8,7.42,2002,2,830900.0,814303.79
1765.3,3,3.4,4.3,2021,0,563400.0,552391.77
2271.3,2,2.7,1.48,2008,2,570600.0,559055.83
1768.3,1,2.2,7.79,1980,2,567700.0,556604.2
1767.1,3,3.7,9.6,1974,2,670600.0,657145.3
2121.0,4,4.2,3.16,1973,2,598700.0,587231.68
1043.4,3,3.0,3.91,2001,0,415200.0,407257.49
1137.5,1,2.1,2.65,2003,2,356600.0,349873.11
1718.9,1,1.3,6.19,1975,2,538700.0,527823.34
1493.6,3,3.0,2.39,1974,1,430900.0,423244.96
2157.1,2,2.9,4.21,2001,1,598400.0,586673.96
1546.0,2,2.3,7.27,2022,2,591000.0,579303.65
1293.8,2,2.2,6.04,1963,2,456900.0,447381.53
2732.8,4,3.6,4.48,1986,1,731400.0,716723.46
1887.1,4,4.4,4.78,1982,2,584100.0,572475.19
2033.8,3,3.3,6.06,1988,1,630800.0,617790.16
1287.6,4,4.2,1.05,2000,0,393300.0,385287.84
1727.8,2,2.2,1.71,2012,0,443900.0,434939.1
2055.5,3,3.5,8.93,2011,0,727300.0,712781.96
1424.5,2,2.8,1.7,2022,1,432000.0,422478.65
2187.8,3,3.1,7.36,1968,1,679900.0,666234.36
1699.7,5,4.7,9.28,2012,2,745900.0,730793.33
1854.2,3,3.0,3.44,2016,2,574100.0,562607.56
1699.1,3,3.7,4.33,2015,0,543200.0,532853.64
2926.1,3,3.4,6.12,2011,1,809400.0,794238.2
1993.3,2,2.9,8.94,2002,1,695300.0,681733.19
1471.1,4,3.8,9.48,2002,2,669500.0,655492.79
2411.3,3,3.5,7.66,1966,0,738200.0,723263.3
1389.6,3,3.5,1.78,2012,0,441100.0,432575.98
2104.4,3,3.4,7.02,2001,3,694800.0,681145.65
1020.2,3,3.7,4.69,1963,2,411200.0,403469.66
1335.9,1,1.6,5.24,1964,1,428800.0,420175.32
2098.4,3,2.9,1.44,1964,1,522800.0,512162.25
2369.2,2,2.7,2.72,1970,1,588900.0,577998.21
2085.7,3,3.5,8.11,2022,2,733900.0,719251.34
1942.2,4,4.1,5.09,2000,2,619100.0,606209.66
1849.4,4,3.7,3.71,1987,0,536800.0,526801.57
1260.7,3,3.3,4.46,1975,2,459000.0,449071.95
1640.1,3,3.1,8.69,2000,1,641800.0,627216.48
1769.7,2,2.4,7.74,2013,1,606800.0,595048.69
2528.6,4,4.1,3.45,1989,1,684500.0,671265.35
2171.8,2,2.7,2.06,1963,1,526600.0,516275.01
1118.5,3,3.0,3.27,2022,1,406400.0,397620.77
2162.0,2,2.4,9.29,1961,1,707500.0,693320.57
1807.5,2,2.3,6.23,2005,1,579100.0,567378.92
1661.5,3,2.9,5.8,1962,0,544400.0,533243.36
2305.8,1,2.0,6.37,2009,2,664400.0,651818.03
2515.5,3,3.7,4.29,1980,1,660100.0,646374.67
2465.6,2,2.4,8.26,1965,0,706300.0,692332.05
1580.4,1,2.0,5.71,2002,2,518400.0,508629.02
1845.4,3,3.6,2.05,2012,2,527400.0,517042.72
2165.6,1,2.1,2.16,1977,2,514400.0,504732.56
2487.8,2,2.2,5.83,2003,1,699400.0,685693.86
1760.4,3,3.7,9.43,1964,1,652600.0,639762.67
1907.2,1,1.6,3.78,1968,2,497300.0,487537.42
1446.8,4,3.8,8.83,1979,2,596200.0,584582.72
1401.9,1,1.3,7.88,1987,1,517300.0,506761.23
2406.3,2,2.5,3.23,1985,3,622500.0,609399.06
2678.1,3,2.9,1.33,1977,0,632800.0,620621.02
1964.0,2,2.2,1.92,1978,3,488100.0,478918.87
2501.8,2,2.3,7.56,1962,2,691300.0,677599.99
2180.8,3,3.6,2.8,1968,2,586300.0,574299.81
1677.4,2,2.9,4.34,1995,3,538500.0,526951.14
2180.7,4,3.8,5.52,2023,2,691300.0,677516.9
2769.0,2,2.9,7.53,1990,1,762500.0,746575.52
1982.1,4,4.4,2.02,2008,1,591500.0,578925.51
2782.3,4,4.3,4.66,1976,0,762900.0,747631.63
690.1,3,2.9,5.37,2022,1,360500.0,352908.12
2411.0,4,4.2,5.87,2014,2,747400.0,732624.65
2043.5,3,3.7,8.37,1982,1,718900.0,704442.35
1850.5,5,4.9,2.55,1993,1,559800.0,548300.68
2045.9,1,1.6,8.27,2000,2,653900.0,639969.54
1006.2,3,3.3,7.24,2000,2,494400.0,484085.56
1890.2,3,3.4,6.0,1964,0,562500.0,550841.93
2178.6,3,3.3,7.3,1974,1,654800.0,641091.35
2738.9,3,2.9,4.71,2006,1,753100.0,737873.48
1740.9,3,3.1,2.25,1962,2,445700.0,436212.37
1595.8,1,2.1,6.99,1978,0,520300.0,509812.13
1749.1,2,2.9,5.72,1987,2,577600.0,566168.21
2457.7,3,2.9,6.75,1962,1,680900.0,666868.92
2164.4,3,3.7,4.04,1997,1,605800.0,593896.7
1735.1,5,4.6,9.16,1963,3,722200.0,707075.32
2256.6,4,4.2,6.29,1983,0,700100.0,685541.91
2048.5,5,5.0,1.77,1990,1,572700.0,561189.39
2484.3,3,3.6,5.05,2004,0,714800.0,700847.52
1649.0,2,2.9,7.81,2018,1,631300.0,619107.7
1836.2,2,2.3,8.15,2004,2,651000.0,638786.2
1803.9,4,4.4,5.45,2018,1,616700.0,604177.71
1268.2,3,2.9,9.05,1970,0,536200.0,525412.25
2148.1,1,2.0,3.41,1996,1,554000.0,542403.66
2130.5,3,3.5,4.7,1960,2,605100.0,592371.12
2002.6,5,4.9,9.09,1968,2,761900.0,746776.29
1882.7,3,3.0,9.07,1976,2,656400.0,642884.06
1292.3,3,3.6,7.17,2013,2,540100.0,529914.19
1789.7,3,2.9,8.73,1960,1,632900.0,619510.81
1828.6,2,2.1,1.8,1962,1,433600.0,425171.18
1598.9,3,3.5,8.78,2006,1,631800.0,618661.13
1919.4,3,3.2,3.89,1985,1,529500.0,518499.78
2202.0,1,2.1,2.6,2012,1,553600.0,542797.56
2943.1,4,3.9,3.15,1990,2,758600.0,743090.06
2087.3,3,2.9,4.76,1985,2,624400.0,611654.11
2128.8,4,4.3,3.26,1982,3,624900.0,611995.92
1962.8,4,4.0,3.89,1989,1,589600.0,578700.51
1040.6,2,2.2,2.21,1969,2,343900.0,336713.26
1986.7,3,3.5,3.67,1967,2,542200.0,531381.78
2030.1,3,3.3,6.15,2003,2,666200.0,652775.04
3231.6,4,4.1,4.98,1984,1,819400.0,803122.71
1903.8,2,2.5,4.12,2023,1,553500.0,542122.63
2150.8,3,3.6,7.72,1981,0,666900.0,653461.59
1982.6,3,3.6,9.04,1974,1,704000.0,690116.98
1415.7,2,2.7,7.81,2018,2,577900.0,565910.5
2571.4,2,2.1,3.99,2000,0,649600.0,637152.66
2376.0,3,3.6,7.7,2015,1,745800.0,731476.74
2395.5,3,3.4,2.37,2016,2,636500.0,624073.25
1545.3,2,2.7,2.17,1969,2,410600.0,402422.94
2701.4,3,3.1,4.11,1979,1,702200.0,686660.7
1299.1,3,3.6,8.27,2000,2,565900.0,554794.15
2293.4,3,3.5,3.22,2006,1,647000.0,633864.33
3095.2,2,2.1,1.57,1982,1,654000.0,640796.86
1504.7,4,3.9,2.19,2012,1,471800.0,461415.31
1716.9,2,2.9,8.73,2012,2,678800.0,665470.79
2049.8,3,2.8,6.7,1960,3,638600.0,625103.71
1748.3,1,2.2,3.28,1961,0,419100.0,410777.21
1224.7,2,2.7,6.0,2017,2,501700.0,492118.33
2034.3,3,3.4,5.75,1978,1,612900.0,600407.34
1468.8,2,2.3,6.9,2021,2,550700.0,540294.03
2236.8,4,3.7,3.1,1973,0,578500.0,566556.5
1540.3,1,2.2,8.78,1967,1,595300.0,583694.22
2775.0,3,3.0,3.78,1997,2,720900.0,705829.61
1608.4,2,2.8,7.25,1971,2,534200.0,524031.57
1839.0,1,1.6,1.15,1985,1,446200.0,437714.0
2406.8,2,2.1,4.35,1986,1,637200.0,624690.18
1384.6,3,2.8,4.17,1988,1,452900.0,443645.36
2113.7,3,3.3,5.89,1974,1,619600.0,606507.0
2653.6,3,3.7,1.65,2005,2,674500.0,660814.68
1196.3,3,3.1,8.11,2012,3,568200.0,557391.15
2092.3,3,3.1,2.96,2020,1,561900.0,550726.98
2129.9,1,1.6,7.09,1960,1,631700.0,618289.48
2390.9,3,3.3,8.23,2019,2,781400.0,765209.64
1381.5,5,4.7,6.06,2002,1,597500.0,586176.58
1339.8,3,3.6,7.67,1987,2,581800.0,570407.96
2261.0,3,3.3,6.96,2016,1,705300.0,690577.0
2148.5,2,2.5,4.2,1962,2,588800.0,576141.08
2125.2,4,3.6,8.28,2010,2,743000.0,727827.48
2173.2,4,4.5,3.65,1977,2,602100.0,589132.32
1660.0,3,3.0,6.14,2011,2,587800.0,575966.08
2116.1,5,4.3,7.71,2019,1,763400.0,749357.81
2146.5,2,2.7,4.41,1993,2,598500.0,585731.52
1642.8,1,1.8,3.72,1991,2,465600.0,456194.99
2932.9,4,3.9,5.13,1988,1,812600.0,797003.96
2236.9,4,3.9,8.36,1984,1,749300.0,734688.54
1404.3,2,2.8,9.37,2019,0,585200.0,573421.63
2328.3,2,2.2,5.91,1985,1,663700.0,650352.83
1512.7,1,2.1,6.95,1998,1,529700.0,518528.05
2393.5,2,2.6,9.13,1967,2,708100.0,693804.17
2579.3,4,3.9,1.89,1978,1,649100.0,636239.72
1589.7,3,3.2,3.09,2013,2,515000.0,505252.56
2481.7,2,2.3,7.38,2006,1,735900.0,720871.91
2206.4,3,3.5,8.41,2001,1,750700.0,735591.08
2411.0,1,1.8,8.71,1981,1,705100.0,690523.39
2948.4,2,2.3,4.74,1988,1,744200.0,729428.66
1877.3,3,3.3,1.8,1992,1,479700.0,470497.89
1623.1,5,5.2,4.94,1997,1,598800.0,587138.82
1555.2,4,3.9,3.08,2023,1,553400.0,541746.91
1592.1,1,2.2,3.62,2004,2,458800.0,449697.43
1961.4,4,3.8,7.95,2005,2,702000.0,687621.34
2170.6,4,3.6,1.68,1994,1,562400.0,551657.53
2138.3,4,3.7,8.45,2002,2,756100.0,740897.34
2413.6,3,3.2,4.85,2023,2,693500.0,678870.24
2006.5,3,3.0,6.36,1962,0,609200.0,596906.1
2726.8,2,2.0,1.81,1978,3,647100.0,634387.24
1867.7,1,2.2,4.04,1969,2,513700.0,503548.0
3360.1,2,2.8,1.81,1986,1,717900.0,703286.1
2312.8,2,2.7,9.65,1974,1,756200.0,740783.36
1571.4,3,2.9,8.27,1970,0,591400.0,579078.25
1464.6,3,2.9,5.14,2006,0,521100.0,510480.63
2241.2,3,2.8,3.01,1985,2,602900.0,590414.16
1888.3,1,2.0,9.4,2018,1,673600.0,660613.04
2357.0,5,5.2,4.1,1983,2,718100.0,703287.43
2236.6,4,3.9,2.45,1972,2,629100.0,616579.14
1963.6,4,3.6,6.07,1991,2,638900.0,626149.15
1576.6,5,4.8,9.49,1996,2,718700.0,704798.83
1242.6,3,3.1,1.03,1963,0,332800.0,326688.68
1776.7,5,4.6,3.14,1972,1,546200.0,535623.98
2428.2,1,1.9,9.45,1968,2,714400.0,700288.46
2107.0,3,3.5,2.54,2016,0,570300.0,558369.68
1377.1,2,2.1,2.02,2008,0,377000.0,368925.56
2086.6,2,2.0,6.13,1993,2,622300.0,609431.15
2192.7,2,3.0,8.76,2015,2,727100.0,712933.96
1558.1,3,3.0,5.29,1996,1,525900.0,515418.66
2076.9,4,3.6,9.95,2007,2,777300.0,762188.33
2029.1,3,2.9,7.11,1966,2,649100.0,636619.4
1428.5,2,2.0,1.67,1960,1,338600.0,331465.02
2178.9,4,3.9,9.94,2019,0,772900.0,757458.04
2280.4,3,3.6,4.67,2017,3,696500.0,682563.5
2541.5,3,3.1,3.59,1971,1,636200.0,623312.11
2526.9,3,3.2,6.02,1980,0,720900.0,706214.58
1311.2,2,2.7,3.74,1970,1,413300.0,405626.38
1531.1,2,2.5,1.78,2003,2,443600.0,434753.99
2257.5,4,4.4,1.01,2010,1,615600.0,603294.57
2256.9,2,2.9,5.05,2017,1,648200.0,634834.61
2257.5,3,2.8,8.53,2003,1,734000.0,719657.61
3926.4,4,4.3,6.15,2003,3,1049600.0,1028105.45
2285.4,3,3.2,9.99,1973,1,772600.0,757375.45
2567.8,1,2.2,3.58,1993,2,636700.0,624207.11
2477.0,2,2.5,3.52,1993,3,671200.0,657569.74
2325.7,1,2.2,2.44,1984,0,537000.0,526418.83
1842.4,3,3.5,2.48,2020,3,559000.0,547912.83
2379.5,3,3.0,3.57,1963,3,631200.0,618556.32
1613.6,2,2.5,8.14,2023,2,610200.0,598002.47
1881.6,5,5.2,9.15,2011,1,756800.0,741694.89
1757.3,3,3.6,9.78,2014,2,733100.0,718502.96
2040.9,2,2.1,3.09,1985,2,546500.0,535600.12
3157.3,3,3.5,8.93,1975,3,921100.0,902126.07
1066.4,3,3.1,3.95,1969,1,387800.0,379967.89
2343.1,1,1.3,2.02,2004,2,562900.0,551774.47
1193.6,2,2.4,8.83,1961,1,516500.0,506218.64
1764.0,4,3.7,6.72,1994,1,636400.0,624148.88
2544.5,3,3.6,2.48,1978,1,627700.0,615456.04
2032.1,3,3.1,4.87,1965,2,598600.0,586192.8
1461.1,3,3.6,3.59,1978,1,472400.0,462868.69
1642.3,1,1.3,7.63,2018,2,568300.0,556778.33
2339.8,2,2.3,5.08,2012,3,679900.0,666299.83
1634.8,3,3.0,9.9,2011,1,641200.0,628374.51
2108.2,2,2.2,1.49,2010,2,540400.0,529897.76
2022.8,1,1.3,4.2,1967,1,525100.0,514686.66
1674.2,4,3.7,5.34,1973,1,570800.0,559999.27
3072.0,5,4.8,5.53,1969,2,845000.0,828220.5
2317.0,4,3.8,3.84,1962,3,655000.0,641484.7
987.4,4,3.9,7.56,1997,2,544600.0,533474.36
2093.2,2,2.4,8.87,1988,2,721000.0,706881.89
1669.1,5,5.1,9.45,1974,0,683600.0,669120.92
2426.2,2,2.9,8.25,1982,1,737400.0,721979.06
1603.7,5,4.7,8.66,1982,2,690700.0,676891.35
1942.6,5,4.6,5.95,1977,0,619800.0,607879.46
2252.5,3,2.9,8.43,2005,1,737200.0,723109.52
2432.9,5,5.2,3.73,1978,2,723000.0,708431.45
1399.9,3,2.8,4.59,1987,0,481500.0,472400.41
1832.7,2,2.3,3.85,1985,1,519300.0,508950.13
1762.5,3,3.0,5.21,1969,2,533000.0,521574.29
1673.3,3,3.1,3.57,2006,2,528700.0,518121.96
2882.7,1,1.4,9.65,1963,3,815600.0,798978.55
2202.5,3,3.5,3.82,2014,2,647000.0,634519.12
1369.6,5,4.4,1.88,1961,1,420000.0,411587.16
2458.9,2,2.6,5.74,1962,3,663600.0,649689.04
3061.1,4,3.6,1.51,1966,2,685900.0,671432.14
2516.2,4,3.6,1.99,2014,1,677500.0,663939.51
1240.3,4,4.4,2.97,1975,0,416400.0,406861.89
1757.9,5,4.4,5.18,1990,2,620100.0,607438.92
2633.5,3,3.6,4.9,1969,2,711900.0,697777.52
1646.2,5,4.8,8.2,1978,2,652200.0,638627.49
2221.9,4,3.6,7.66,1987,2,717200.0,703352.99
2387.3,2,3.0,4.84,1976,2,634400.0,622307.5
1536.5,3,3.0,4.0,1987,3,498400.0,487923.65
1970.2,3,3.6,3.85,1978,2,578900.0,567172.98
600.0,2,2.2,7.97,1996,0,380400.0,373289.35
1487.8,3,3.6,1.47,1982,2,456500.0,447369.35
1873.7,3,2.8,1.12,1979,1,484400.0,474014.76
1376.1,2,2.5,8.16,1972,2,553400.0,542260.34
2816.2,3,3.5,5.29,1972,3,764100.0,748391.54
1284.9,4,4.4,2.18,2002,2,474800.0,465858.1
1780.0,3,3.7,3.12,1970,2,512500.0,502552.97
2065.4,1,2.1,9.39,2007,1,693900.0,679865.12
2720.6,1,2.1,8.74,1974,1,772100.0,756729.07
1282.1,3,2.9,7.39,1976,1,528600.0,517373.94
2581.6,4,3.8,5.34,2013,2,775700.0,759809.11
2005.1,2,2.3,5.68,2009,2,612700.0,601222.64
1509.2,3,3.1,9.78,1987,2,631900.0,619288.76
2231.1,2,2.4,9.69,1978,1,736700.0,722431.04
2099.5,2,2.5,2.94,1963,1,534500.0,523926.01
1699.9,4,3.7,8.3,1981,2,648800.0,636481.14
2034.9,3,3.4,2.78,1981,1,524500.0,513010.58
1807.3,1,1.4,2.92,2014,2,490300.0,480399.89
2056.8,3,3.1,7.08,1996,2,687700.0,674768.39
2331.1,1,1.8,4.65,1998,2,649800.0,637282.09
2793.0,3,3.5,9.38,1993,1,842800.0,826606.69
1381.1,3,3.5,1.8,1992,2,419800.0,411400.62
3066.5,2,2.6,5.6,2003,1,791800.0,775695.45
1024.0,2,2.2,9.27,2001,3,555500.0,543876.42
1924.1,3,3.3,9.14,1999,0,690000.0,675651.54
2294.2,4,3.6,2.41,1992,0,588400.0,577035.53
2140.5,5,4.6,4.3,1971,2,660200.0,647252.61
1688.7,1,1.7,6.57,1961,1,508400.0,498198.71
1895.9,4,3.5,2.43,2018,2,552200.0,541410.1
1753.5,3,3.0,9.71,1987,2,667600.0,654319.23
1705.3,3,3.7,9.23,1969,2,680400.0,667273.11
2424.8,4,4.5,2.5,1981,3,665600.0,652764.34
2178.5,4,3.9,2.09,1976,1,575600.0,563555.06
1653.5,5,4.3,1.77,1985,2,504700.0,494742.82
2449.8,3,2.9,9.18,1962,0,756400.0,740437.57
2153.6,3,3.1,2.74,1966,1,557400.0,546318.51
2406.4,4,4.4,4.75,2003,2,723400.0,709234.15
2314.8,2,2.1,5.04,1967,1,615200.0,602239.14
1585.5,3,3.5,6.39,1979,2,580400.0,568583.77
1719.9,3,2.9,1.65,1971,2,459700.0,450510.76
2373.6,3,3.7,3.04,1994,2,625200.0,612812.96
2305.2,2,2.4,9.38,1976,3,741900.0,726922.7
1989.5,2,2.8,9.18,1987,0,643000.0,629553.86
2058.7,4,3.8,8.03,2000,2,759400.0,744185.0
2638.8,2,2.6,1.17,1969,2,605700.0,592759.88
1704.2,3,2.9,3.94,1981,1,499500.0,489393.68
2273.5,2,2.1,6.65,2023,0,676900.0,663141.31
1898.9,1,2.2,3.48,1997,2,510200.0,499928.87
1891.2,1,2.2,9.19,2016,1,689400.0,675332.34
2549.4,2,2.9,6.71,1992,1,705600.0,690734.16
2412.7,4,4.1,1.65,1981,2,623200.0,610552.83
2406.8,2,2.8,9.18,2003,2,779100.0,763983.41
2652.7,5,4.3,9.62,1996,3,915800.0,898114.73
2010.5,3,3.1,1.7,1972,2,514600.0,505527.67
2341.0,3,3.1,5.79,1986,2,662800.0,650389.83
1844.9,3,3.4,3.73,2023,0,557800.0,546045.53
2162.1,3,3.1,4.54,1974,1,591400.0,579367.78
1934.9,4,3.6,2.62,1981,1,544900.0,533990.61
2048.5,2,2.6,6.2,1989,3,659700.0,646463.22
2297.6,3,3.6,9.62,2002,1,759800.0,744638.77
1590.9,4,3.9,5.53,1999,1,560500.0,550493.8
3046.2,4,3.6,1.75,1996,2,735700.0,720444.97
1497.0,4,3.7,6.58,1993,1,569000.0,557263.23
1392.9,3,3.0,4.06,2003,1,488800.0,479845.91
2579.1,4,3.8,8.7,2019,2,852000.0,834652.01
2395.8,3,3.4,4.91,1993,0,672500.0,659246.79
2312.1,3,3.4,2.74,2017,0,606600.0,594985.33
2314.2,2,2.7,2.72,2007,1,598000.0,586283.25
1993.9,3,3.1,7.92,2012,2,712300.0,698149.88
1551.4,2,2.8,3.39,1994,2,463800.0,454993.31
2037.9,2,2.2,7.91,2001,1,675400.0,661445.47
1661.4,4,4.0,2.85,1978,2,513600.0,503079.82
2487.6,2,2.8,3.9,1967,1,640000.0,627467.82
1926.5,1,1.4,5.19,1998,3,565700.0,553351.28
1587.3,1,1.4,9.49,1992,0,586000.0,574988.29
1839.3,4,4.4,9.39,2003,2,732300.0,717805.7
2206.5,3,3.1,2.86,2020,2,617500.0,605226.52
1718.1,3,3.4,4.22,1987,2,546100.0,534362.74
1588.9,4,3.5,2.34,1996,1,493500.0,482986.7
2121.8,4,4.2,5.59,2007,1,660900.0,647482.71
2122.5,2,2.3,5.15,1984,2,629000.0,616823.71
1746.5,3,2.8,9.11,1995,0,620800.0,607345.69
1764.5,4,4.1,9.37,1976,2,683600.0,670322.18
2116.0,3,3.0,4.45,1983,2,610200.0,597815.98
1276.0,2,2.4,5.43,1980,2,466300.0,456862.29
1296.3,4,3.6,9.07,1961,0,587600.0,575974.8
1640.8,3,2.9,8.26,1990,2,597800.0,585978.66
1893.3,2,2.3,1.03,2003,2,471000.0,461223.79
2155.5,3,2.8,3.88,1992,2,577300.0,566066.46
2737.7,1,2.2,4.8,1989,0,677800.0,663084.3
2428.8,2,2.0,3.07,1971,0,580800.0,568958.79
1920.0,4,4.0,2.8,2003,1,591800.0,580040.84
1990.5,1,1.4,1.34,1971,0,434200.0,425343.53
1498.7,3,3.1,6.79,2010,2,597400.0,584538.54
1990.7,3,3.7,3.36,2016,3,615400.0,603471.01
1855.7,1,1.4,1.47,2008,1,444500.0,434985.81
2161.4,5,5.2,3.08,2011,2,643100.0,630204.24
1586.4,2,2.2,8.22,1983,0,569900.0,558578.52
2259.7,2,2.7,8.66,1983,1,691700.0,677875.91
2766.4,2,2.5,5.35,2017,0,756700.0,742150.51
1945.6,2,2.9,4.74,2019,1,588400.0,576605.37
2200.9,1,1.8,9.8,1970,3,733700.0,719239.73
2345.1,3,3.3,2.81,1972,0,579200.0,567588.05
1799.4,5,4.4,2.94,1986,2,570000.0,558906.48
2112.0,2,2.2,3.63,1967,1,546000.0,535776.75
2006.3,3,3.7,2.55,1969,3,550900.0,539950.77
2048.8,3,3.1,4.41,2023,0,605300.0,593584.93
1613.5,4,3.9,9.2,1967,1,648700.0,636453.66
2012.3,3,3.5,6.54,2023,0,649200.0,636894.59
2249.0,2,2.3,4.71,1979,1,587200.0,575263.36
2725.6,2,3.0,9.41,1967,1,826100.0,810096.22
2479.6,3,3.5,1.44,1968,2,606500.0,594494.39
3076.6,4,4.1,2.89,1966,2,761100.0,746436.61
1616.3,2,2.9,6.09,1973,2,563400.0,552416.32
2436.2,3,2.8,6.54,1987,2,718200.0,703973.83
2091.7,4,3.8,1.36,1961,0,536600.0,526084.99
3094.9,4,4.0,4.63,2016,1,838200.0,821563.62
1595.9,5,4.5,6.84,2002,3,635500.0,622937.17
1580.1,4,4.2,7.28,1967,2,630200.0,617516.58
1700.3,3,3.7,6.74,1972,2,608500.0,596204.14
938.1,3,3.2,3.89,1980,2,383600.0,376809.59
1737.1,3,3.1,1.84,2006,0,488600.0,479066.76
1620.4,1,2.2,4.84,1987,1,479700.0,469819.35
2075.2,3,3.2,2.16,1994,0,550500.0,539351.29
2170.9,3,3.2,9.53,1982,1,704100.0,690546.13
2938.1,2,2.4,5.28,2005,0,740300.0,725125.91
2475.2,4,4.4,3.86,2021,1,728200.0,712894.99
1711.5,3,3.3,7.9,1974,2,617600.0,604543.78
1550.8,5,5.0,5.48,1961,2,575100.0,562733.51
2246.0,1,2.1,3.79,2020,2,587000.0,574610.59
1339.9,2,2.3,8.31,2010,3,604200.0,591525.57
2915.7,3,3.2,8.8,1971,0,855000.0,838592.62
2589.7,2,2.8,7.06,2023,0,753600.0,738504.91
1765.4,3,3.1,1.42,2016,2,494300.0,484232.37
1143.4,4,4.3,6.1,2011,1,536100.0,524656.29
2676.9,2,2.9,7.87,1995,1,811100.0,794806.44
1942.7,3,3.4,2.23,1962,1,517100.0,505889.34
2618.9,3,3.5,3.06,1964,1,680600.0,666803.29
1202.8,3,3.6,8.94,1962,2,536000.0,526312.25
1700.3,4,4.3,1.18,2016,1,489700.0,480237.9
2002.6,4,3.9,7.77,2006,2,700600.0,686483.1
2023.5,3,2.8,5.26,1978,2,615500.0,603539.06
1775.0,3,3.2,5.02,1961,1,541900.0,530801.23
2311.4,3,3.4,1.06,2003,1,570600.0,558787.66
1466.2,4,4.0,8.37,1996,1,632200.0,620408.06
1928.8,3,3.5,4.24,2023,1,619000.0,606048.86
2060.1,3,3.1,5.87,2013,2,639200.0,626238.94
2257.2,4,4.1,7.1,1976,2,716700.0,702519.02
2355.8,2,2.2,7.32,1973,2,706200.0,691607.88
1437.7,4,4.2,9.6,1987,1,633900.0,621547.3
1232.9,2,2.5,5.78,1986,2,455300.0,446040.7
2638.8,2,2.2,4.6,2013,2,724000.0,709851.96
2166.2,2,2.3,9.58,1969,1,684900.0,671494.99
1625.8,5,5.0,6.78,1962,2,614200.0,601794.49
2775.6,4,4.0,3.68,1995,1,742600.0,728603.33
2057.8,3,3.0,2.14,1997,2,545900.0,534649.33
2589.6,3,3.7,8.58,2015,2,845900.0,829656.44
2033.8,3,3.5,4.26,2022,0,600600.0,589175.47
3030.4,4,4.5,6.94,1984,2,893400.0,876417.44
2877.7,3,3.2,5.24,1981,0,747200.0,732343.03
1875.5,3,3.2,2.79,2007,0,538400.0,527237.71
2485.8,2,2.9,6.42,1998,3,744200.0,730354.4
2322.7,4,4.0,1.55,2006,3,622100.0,609490.65
2684.3,3,3.5,4.72,1989,0,680600.0,666581.23
1517.5,3,3.0,5.92,1980,1,533600.0,522833.11
2343.0,1,1.7,4.92,1989,1,614500.0,601719.15
2529.2,4,3.6,7.74,1987,1,791800.0,776227.07
1120.6,1,1.5,8.45,1990,2,486600.0,476565.17
1408.4,3,2.8,7.94,2016,3,599000.0,586876.26
980.4,5,4.3,1.35,2011,2,427700.0,419629.89
1865.3,3,3.7,2.75,1985,1,501700.0,491977.85
2358.8,2,2.2,5.83,2002,2,691300.0,677481.79
2751.2,3,3.4,9.41,1981,1,834500.0,817895.44
2037.0,4,4.3,8.51,1980,3,732100.0,717464.13
2814.3,3,3.3,8.58,1960,2,821000.0,804364.42
1309.9,5,4.4,3.73,1996,2,493600.0,483726.74
1148.3,1,2.0,4.87,1972,1,395500.0,387835.42
1972.2,3,3.4,5.24,1980,1,618600.0,606164.92
2192.0,3,3.5,2.42,2005,0,585000.0,573509.88
1983.7,4,4.3,1.28,1968,2,528600.0,517609.67
966.3,2,3.0,9.52,1976,1,486000.0,475978.05
1955.4,4,4.1,3.17,2006,1,594900.0,582634.84
1347.8,3,3.1,3.16,1980,1,462100.0,452575.43
2334.8,3,3.4,1.75,1990,2,588100.0,576981.59
2183.3,2,2.1,9.36,1998,0,706900.0,693125.02
1530.1,4,4.4,6.22,2018,2,601600.0,589029.54
1743.1,2,2.1,7.0,2013,2,599100.0,587336.75
1470.4,2,2.3,9.2,1981,3,558000.0,546644.71
1968.7,2,2.8,4.11,1971,1,545600.0,534346.81
2477.6,4,4.1,6.59,2023,1,767700.0,751603.13
1507.1,3,3.1,1.35,2014,1,416300.0,408459.96
2252.0,4,4.0,2.68,1965,1,605700.0,592904.07
1734.9,2,2.9,8.48,2012,1,624500.0,611984.02
1603.6,3,3.1,7.9,1975,2,595300.0,582920.84
1946.5,3,3.6,4.16,1985,1,594500.0,582997.92
1482.4,4,3.6,4.39,1964,2,481900.0,472094.82
1723.2,4,4.3,5.8,1968,0,550200.0,539128.77
1401.1,1,2.1,1.0,2005,2,377500.0,369899.63
2982.4,3,2.9,3.17,1999,2,764300.0,749165.29
2017.6,1,1.7,2.87,1973,2,477200.0,467662.5
1650.1,3,2.9,3.25,2003,2,518700.0,508304.36
2107.0,2,2.7,8.25,2022,2,726300.0,711514.8
1943.8,2,2.5,3.52,2001,3,529700.0,518318.64
1889.5,3,3.4,2.72,1989,1,539200.0,527856.72
2307.1,3,2.9,5.54,2011,2,707500.0,693709.24
2378.8,2,2.2,8.79,2011,0,740500.0,725537.09
1734.7,3,2.8,3.17,1985,0,508900.0,498390.0
1712.1,3,3.1,1.71,2012,1,501700.0,490963.14
1862.5,1,1.8,4.21,2004,0,513800.0,502664.18
849.0,4,4.4,7.73,1988,1,484500.0,474458.4
1242.4,2,2.7,5.96,1978,1,444700.0,436250.03
2683.4,3,3.2,8.35,2006,0,811400.0,794893.46
2822.5,3,3.7,9.64,1967,3,882500.0,865050.24
1875.5,2,2.7,8.13,1982,0,616100.0,603476.47
2288.3,1,2.2,6.43,2012,2,642800.0,630263.43
2155.6,3,3.3,5.44,2001,1,670400.0,656816.12
3539.4,4,3.8,1.36,1994,3,836800.0,819448.06
2559.8,3,2.8,9.86,1990,2,824100.0,807483.52
1936.0,3,3.5,4.45,2012,2,621200.0,609693.0
1522.2,3,2.9,2.37,1994,2,483100.0,474332.94
1196.8,2,2.3,7.0,1991,0,430800.0,422427.27
2101.7,3,3.3,3.56,2017,3,634000.0,621251.47
1621.8,4,4.1,6.27,1964,2,559700.0,548657.95
1288.9,2,2.6,6.28,1975,2,489700.0,480064.43
1676.7,2,2.2,5.01,1976,2,518200.0,507816.06
1459.2,2,2.4,8.53,1991,1,578900.0,567542.47
2843.6,3,3.4,3.38,1997,2,724400.0,710016.11
2440.8,5,5.2,5.04,2017,1,730200.0,715438.01
1996.0,1,2.0,5.84,1991,2,582300.0,570056.37
2740.0,3,3.7,6.97,2023,0,813400.0,796901.97
2038.7,2,2.8,8.06,2011,3,718000.0,704039.76
1569.4,5,4.8,4.55,1979,0,526500.0,515954.27
2761.6,2,2.2,6.81,2007,1,786800.0,771214.14
2269.5,3,3.4,2.36,2015,2,607500.0,595208.49
1481.4,3,3.4,9.39,1961,2,613500.0,600700.2
1904.8,3,3.4,4.45,1979,2,567400.0,555932.69
1562.2,3,3.2,7.57,2006,1,603300.0,590722.77
1308.6,2,2.5,1.18,1977,0,352100.0,344514.86
2463.1,3,3.1,2.85,1960,2,598300.0,586936.82
2954.7,2,2.5,5.38,2017,3,791800.0,775753.96
1300.7,2,2.2,8.9,1988,2,558300.0,546763.26
2281.5,3,3.6,5.75,1988,1,710900.0,697490.98
1674.7,2,2.2,9.37,1978,3,623500.0,611437.49
1756.4,2,2.1,5.35,2003,1,580200.0,568410.25
1703.8,3,3.2,5.41,1999,2,606700.0,594779.82
1568.0,5,4.9,2.08,1965,1,480500.0,470772.11
2024.3,3,3.2,8.22,2003,1,693300.0,679087.66
1584.5,1,1.5,3.22,1998,2,438800.0,430261.35
2135.2,1,1.8,9.1,2009,2,706500.0,692207.85
1974.9,5,4.6,9.2,2013,1,746900.0,731999.75
1880.5,2,2.9,9.49,2005,1,685400.0,672202.68
1546.2,1,2.2,5.68,1967,0,489800.0,480459.61
1711.6,3,3.3,7.09,1983,2,599300.0,587038.95
2377.7,3,3.1,8.01,1979,1,731900.0,717505.02
2250.5,3,3.5,2.18,2013,0,563400.0,551568.07
1511.2,2,2.0,6.41,1973,2,522200.0,511981.21
2049.7,1,1.7,1.31,1964,2,464200.0,454990.25
2375.7,5,4.6,5.48,2000,2,747700.0,732935.49
1165.3,2,2.9,2.39,1999,2,382300.0,374505.28
2271.7,3,2.8,2.65,1993,2,595700.0,584828.04
1668.7,3,3.3,4.29,2019,3,576800.0,564813.35
2285.3,3,3.5,4.89,1975,2,652200.0,639641.78
1618.4,2,2.5,6.61,2004,2,576400.0,564356.15
1097.6,2,2.1,1.67,1966,1,312500.0,306502.17
1186.2,3,3.7,5.53,1975,3,500100.0,490385.89
2024.0,4,4.0,2.64,1966,1,563400.0,552159.49
2129.9,4,4.1,6.17,1986,1,680400.0,666544.34
1547.8,2,2.2,6.74,1973,1,546600.0,535738.57
2319.3,2,2.5,6.01,1973,0,644400.0,631645.51
1169.2,4,3.9,7.64,2003,3,592400.0,581446.97
1967.0,3,2.8,4.02,1992,2,587900.0,575705.83
1394.5,4,3.6,7.89,1992,2,569300.0,557636.04
1674.1,2,2.8,4.89,2003,2,561300.0,550216.37
2023.7,3,3.0,5.36,1979,1,606400.0,594143.97
1569.8,3,2.9,6.83,2012,0,574000.0,562469.98
1807.7,3,3.3,1.17,2006,2,500100.0,490633.18
2503.1,3,3.5,6.89,1995,2,752500.0,736039.87
1711.6,1,1.3,6.57,1966,1,521100.0,510379.03
2417.8,3,3.3,3.79,1991,2,650400.0,636520.82
1435.1,2,2.1,1.77,2007,1,424500.0,415412.09
2264.9,3,2.8,1.82,1962,1,541600.0,531970.31
2720.8,5,4.3,9.31,1998,1,883700.0,866325.08
764.2,3,3.6,7.2,1988,1,424400.0,416387.78
1601.6,4,3.6,2.14,1983,2,487500.0,477709.74
2288.5,2,2.0,4.21,1981,2,610800.0,598963.36
1898.5,3,3.2,6.33,1965,1,603300.0,590350.72
2185.6,5,5.1,8.52,2007,2,784800.0,769623.15
1698.0,2,2.3,1.39,1983,2,412400.0,403742.08
2043.3,1,1.7,3.13,1999,1,532000.0,521094.34
1922.2,3,2.8,9.01,1982,1,699700.0,685958.58
2583.9,1,1.7,1.08,2013,3,584600.0,573066.22
2127.2,3,3.3,2.81,1997,2,611300.0,599116.31
2168.8,4,4.1,9.63,1969,3,781800.0,765482.45
1794.1,3,3.1,6.52,1975,1,590000.0,578249.91
1756.2,2,2.3,3.36,1970,2,479600.0,470488.28
1783.7,3,2.9,1.6,1991,1,455000.0,445633.76
2197.2,3,3.1,1.25,2004,1,569100.0,558375.47
1789.5,1,1.3,3.2,2020,2,489100.0,478881.65
2144.9,3,3.5,8.93,1965,1,698700.0,684729.27
3037.7,3,3.7,4.74,1983,1,798000.0,782807.66
2435.6,3,3.7,7.48,1992,1,722200.0,707415.3
1837.0,2,2.9,9.26,2012,0,645800.0,633410.99
2600.6,3,3.4,4.67,2023,2,740800.0,726971.33
1796.0,1,2.0,2.72,2010,1,484700.0,475091.52
980.9,2,2.3,5.65,1971,0,391600.0,383504.49
1496.0,4,4.1,9.17,2015,1,657300.0,643767.63
1064.6,3,3.2,8.24,1986,0,539800.0,529656.3
1824.2,1,1.7,1.59,1997,2,449800.0,441442.35
2009.2,2,2.8,7.23,2021,0,651400.0,639096.65
2838.2,2,2.3,6.15,1977,2,743800.0,728907.58
2163.5,2,2.3,9.17,2022,0,727700.0,713664.9
1890.4,2,2.9,2.1,2004,1,512100.0,501833.58
2414.7,1,1.3,5.81,1998,2,678900.0,664880.47
894.4,3,3.2,8.92,2023,2,515300.0,505556.09
2117.8,3,3.7,4.69,2014,0,627400.0,615668.94
2385.4,3,3.4,5.34,1972,2,684900.0,670691.7
1260.7,3,3.3,1.63,2012,1,412800.0,404024.28
2571.9,1,1.5,3.5,1999,2,634800.0,622123.99
2169.2,5,4.6,3.92,1989,2,670000.0,657078.06
1792.4,4,4.4,9.51,2012,2,722500.0,707483.09
2316.4,4,4.1,3.54,2008,3,706500.0,692483.51
3135.3,4,4.0,5.15,2000,1,857900.0,840446.79
2090.9,4,3.6,7.04,2011,2,696200.0,682626.41
2124.1,3,2.8,2.46,1972,1,525900.0,514983.06
1770.3,2,3.0,5.38,1993,0,529800.0,519589.9
1575.1,3,3.1,7.65,1995,0,595100.0,583118.89
2415.2,3,3.4,8.8,1989,0,744500.0,729141.43
1572.0,3,2.8,6.64,2020,2,590500.0,578721.84
2035.8,3,3.4,7.02,1984,2,673800.0,659355.01
1761.2,1,2.2,2.14,1961,2,431600.0,422688.45
2239.5,3,3.3,9.51,2023,0,779800.0,764372.7
2166.8,4,3.6,2.19,1995,1,570100.0,557812.12
2518.8,3,3.3,7.97,1977,3,789800.0,772718.43
1745.0,3,3.5,3.38,1964,1,489700.0,478736.32
1865.1,2,2.4,9.4,1978,2,659100.0,646581.56
1510.6,3,3.6,7.48,2001,2,603500.0,591391.62
1777.9,4,4.1,7.78,1977,2,659000.0,645553.77
2188.7,3,3.6,2.97,2021,2,625600.0,613560.58
2378.5,4,4.1,4.99,2016,2,715600.0,701085.78
1538.9,3,2.9,6.56,1991,1,551100.0,540212.23
2434.8,3,3.1,7.93,1980,2,754700.0,739618.88
2677.8,2,2.2,1.94,1969,1,583400.0,571496.5
2206.7,3,3.7,9.66,1996,1,760000.0,744947.07
2938.4,3,3.5,9.01,2008,0,885400.0,868078.63
1613.1,3,3.4,3.43,1981,2,479600.0,469915.55
1377.7,3,3.1,8.4,1972,1,577300.0,565523.72
1110.6,4,3.7,5.66,2014,1,518200.0,507664.74
2748.0,1,2.0,5.16,1976,1,666700.0,652217.04
2327.2,4,4.0,3.83,1968,3,679400.0,665953.53
1972.2,2,2.2,6.23,1983,2,603400.0,590727.44
2140.0,3,3.4,7.57,2003,2,720900.0,706796.86
1437.3,1,1.3,4.7,1973,2,429700.0,421060.79
3222.9,2,2.3,6.66,2005,1,864100.0,846870.56
2064.6,3,3.2,7.29,1967,1,659100.0,646268.16
2054.7,1,1.4,7.4,2014,3,647600.0,634184.74
2362.9,3,3.7,1.47,1996,0,562700.0,551630.62
2240.5,4,3.7,8.74,1978,1,728600.0,714161.81
2111.9,2,2.1,5.12,2022,1,625900.0,613289.61
1604.8,4,3.7,3.36,1987,1,517500.0,506685.91
2235.7,3,3.5,3.18,2005,1,624600.0,612405.62
2941.0,3,3.2,5.35,2000,2,796700.0,781117.73
2672.7,2,2.6,8.98,1989,0,772700.0,757302.8
2796.6,2,2.0,4.41,1966,2,682100.0,667922.85
1744.4,2,2.0,7.75,2018,1,635400.0,622428.28
1505.2,1,1.7,1.87,2017,1,401500.0,393439.83
1937.1,2,2.8,5.28,1985,0,566500.0,555514.25
2027.9,3,3.6,9.93,1999,2,736400.0,720880.26
2547.1,4,3.6,7.93,2005,1,811100.0,794596.1
1153.8,4,4.0,2.89,2013,2,443600.0,434526.66
2764.8,3,3.7,5.51,2019,2,807800.0,791602.39
1921.0,2,2.4,3.1,2005,2,549700.0,538055.34
1786.6,2,2.8,4.69,1970,1,512900.0,502533.23
1493.9,2,2.1,8.02,1973,1,543100.0,532082.76
1172.6,2,2.9,7.94,1980,1,492100.0,481739.2
2411.6,3,3.5,3.05,2022,2,645700.0,632727.02
2036.7,3,3.7,9.3,1967,1,691200.0,677105.42
1355.0,3,3.4,6.33,1962,2,512600.0,502595.79
1352.5,3,3.1,4.42,1987,2,482600.0,472505.34
1832.1,4,4.4,5.52,2020,1,640700.0,627930.92
2834.5,4,3.8,6.45,1988,0,794800.0,778499.81
1870.2,2,2.3,6.04,1982,2,596800.0,584564.12
1248.4,4,4.2,5.38,1977,1,494100.0,484366.65
1877.1,5,5.0,5.54,1994,0,649200.0,636333.36
1863.6,2,2.9,2.59,2022,2,507900.0,497533.49
651.6,3,3.0,8.31,1972,1,366900.0,359427.29
1972.9,3,3.5,5.88,1971,3,632100.0,618731.2
1884.5,4,4.2,2.18,2006,2,539500.0,529411.38
2348.1,4,3.6,7.9,2009,2,779300.0,764057.73
2924.5,2,2.4,9.39,1964,1,828700.0,812451.72
2563.3,3,3.0,9.53,1998,1,844700.0,827008.48
1865.6,3,3.1,4.32,1970,2,560000.0,548502.26
1446.7,3,3.7,2.22,2017,1,463400.0,453964.73
3286.7,2,2.6,5.67,2018,1,863400.0,845166.47
2029.6,4,4.2,2.01,1970,1,549600.0,539052.98
2007.0,3,3.7,9.41,2018,1,735300.0,721320.94
1987.9,4,3.9,2.65,2006,1,593800.0,582954.97
2099.0,4,4.3,3.27,2001,2,607500.0,594827.06
1927.8,3,3.2,4.66,2006,1,598500.0,586588.66
1713.2,3,3.6,4.45,1990,0,508600.0,499089.41
1726.6,3,2.9,8.15,1990,2,641400.0,628445.19
1983.6,2,2.9,5.11,1972,3,592000.0,579876.51
1728.3,3,3.0,2.54,1973,1,501100.0,490144.99
1643.6,2,2.3,3.4,2008,0,453500.0,444996.31
2053.2,3,3.5,5.58,2004,2,642300.0,629444.37
1872.5,2,2.4,2.33,2001,3,529200.0,518251.33
2752.0,2,2.6,6.5,1984,2,763400.0,748273.93
674.5,2,2.4,6.09,1992,2,380800.0,373260.5
2545.8,1,2.0,7.43,1992,1,704300.0,690298.13
2623.0,3,3.0,9.44,2021,2,849100.0,832009.45
963.3,3,2.8,9.21,1974,0,512100.0,502669.18
1828.7,3,3.0,9.51,1975,2,679300.0,665647.17
1814.3,2,2.5,3.2,2003,2,526700.0,516975.66
1296.2,1,1.4,2.18,2017,3,393600.0,386010.06
1611.1,1,1.6,3.72,2015,1,453500.0,444605.59
1444.7,2,2.4,9.06,1997,0,588800.0,576967.36
2876.1,4,3.6,9.75,1965,2,896200.0,878762.98
2467.8,2,2.6,8.73,2003,2,812700.0,796502.5
2635.8,3,3.6,1.99,1984,2,636400.0,623205.93
2360.8,2,2.2,9.53,1974,1,753100.0,737555.25
1435.5,2,2.6,4.81,1963,1,432600.0,424159.24
1737.7,3,3.4,1.08,2015,2,492000.0,481706.31
2244.7,3,3.2,4.98,2023,1,687000.0,673228.88
1388.9,2,2.7,1.41,1963,2,339100.0,332846.59
2356.5,1,1.7,5.89,1989,1,637100.0,624509.99
1879.8,3,3.3,4.05,1993,2,562100.0,550496.93
1812.6,2,2.0,5.26,1986,2,542100.0,531962.99
2355.5,2,2.7,6.52,1990,2,699100.0,685391.94
2222.1,5,4.9,8.82,2015,1,825100.0,809106.9
1819.5,3,2.8,6.96,1991,2,622800.0,609210.22
2579.7,3,3.1,4.91,2003,1,716700.0,702531.43
1459.5,3,3.7,8.37,1998,2,613600.0,601749.08
2308.0,3,3.2,9.15,2011,1,778400.0,763682.14
2296.6,3,3.3,2.08,1968,1,550000.0,538268.09
1845.2,3,3.7,5.79,2022,1,642500.0,630253.06
2163.1,3,3.5,3.56,2000,1,611800.0,600386.19
1374.4,2,2.6,1.42,1967,3,385700.0,376977.36
2462.0,3,3.5,7.02,1973,1,713900.0,699861.3
1907.5,3,3.6,8.76,1992,2,689400.0,675920.81
1738.6,4,4.0,2.47,1982,3,527600.0,516884.5
2524.5,3,3.2,8.31,1980,0,738600.0,723582.95
1647.8,3,3.1,8.68,2014,2,633700.0,621359.93
1295.8,2,3.0,9.23,1971,1,539800.0,528696.51
1221.7,3,3.4,3.39,2016,0,443000.0,434031.38
2303.0,2,2.1,9.14,1961,1,699100.0,685524.22
1359.8,2,2.9,3.89,1972,3,431000.0,423257.02
2877.4,2,2.5,5.97,2021,0,763800.0,748792.99
959.0,3,2.8,1.45,2018,2,347200.0,340322.74
2848.2,2,2.5,1.39,1963,2,624600.0,611849.8
2105.5,3,3.2,7.48,1979,2,717200.0,702350.7
1951.6,4,4.4,5.0,2009,0,644100.0,631772.79
1727.5,2,2.2,3.31,2010,2,525400.0,514815.28
2199.6,3,3.6,2.71,2007,2,627100.0,615133.35
1981.2,3,3.3,7.03,2018,2,668400.0,654867.22
2551.7,1,1.3,1.0,1973,3,537100.0,526033.36
2057.1,4,4.5,8.25,1989,2,717200.0,703066.4
2075.2,1,1.8,1.71,1988,0,495400.0,485453.73
1818.2,3,3.0,2.72,1967,1,483800.0,473521.24
1971.5,3,3.2,4.48,1971,1,550200.0,540104.68
2153.9,3,3.6,5.36,2000,1,645500.0,632276.51
1144.9,3,3.1,4.19,1997,1,429200.0,421079.8
1325.9,2,2.2,3.89,1985,1,426200.0,418096.93
2371.6,1,1.4,9.68,2009,1,753500.0,737800.27
2085.4,3,3.0,6.77,1961,3,644100.0,630716.81
1908.0,3,3.5,1.21,2014,0,514200.0,503765.25
2009.2,4,4.0,4.87,1999,3,643100.0,629805.18
2173.8,4,3.7,8.88,2015,1,769200.0,754679.23
1730.1,4,3.7,3.71,1973,2,549400.0,538311.91
1610.8,3,3.1,1.85,1965,2,432800.0,424588.87
2097.9,2,2.9,7.83,2001,1,672300.0,659110.82
1510.8,4,3.8,6.45,2023,1,608200.0,596168.01
2204.1,3,3.7,6.13,1999,1,667800.0,654464.16
1148.7,2,2.5,1.48,2021,1,356900.0,350380.57
2514.6,4,3.7,2.26,1990,3,676000.0,662067.45
2236.3,4,4.4,6.6,1976,2,744000.0,729983.17
2128.0,3,3.2,2.87,1984,0,566500.0,554526.39
2491.3,1,2.0,5.54,2020,0,680900.0,667672.76
2832.7,3,3.7,5.9,1991,1,789700.0,773203.42
2507.2,4,3.6,3.55,1971,0,636000.0,623122.15
1079.6,4,3.6,9.54,2008,2,596100.0,584224.65
1360.2,2,2.7,8.58,1972,0,530900.0,520038.65
1687.6,1,1.5,7.5,1978,2,563500.0,552139.17
2013.0,4,3.7,1.7,2003,0,545400.0,533798.51
2258.8,3,2.8,1.96,2007,1,587400.0,575158.27
1637.1,3,2.8,5.44,1984,2,543700.0,533075.13
2093.4,5,5.0,2.45,1990,1,607800.0,595658.84
1622.3,1,1.4,9.8,2018,3,626900.0,614016.74
1694.2,3,3.2,2.43,1996,2,493000.0,483802.14
1296.7,1,1.9,5.39,1984,1,455900.0,446172.03
1538.4,3,3.2,4.28,1975,0,484000.0,474139.2
1324.2,4,3.5,6.75,2016,2,573700.0,561973.17
1512.1,3,3.5,2.16,1997,3,501200.0,491483.52
2526.8,5,4.3,4.87,2002,2,736400.0,721696.08
1525.3,3,3.5,3.47,2008,0,470100.0,460643.92
3316.2,2,2.9,8.99,2017,3,987700.0,967023.89
2246.7,2,2.4,1.37,1982,1,525600.0,515520.52
2092.4,3,3.3,9.22,1973,2,718600.0,704119.09
1570.8,3,3.2,8.5,1965,3,594600.0,582765.83
2350.2,1,1.6,3.68,1984,1,585100.0,573023.72
1712.2,3,3.6,8.1,1982,3,654700.0,641153.09
2061.0,3,3.6,1.28,2021,1,533600.0,523677.64
3280.0,3,3.1,9.7,2019,3,990200.0,969509.38
1952.0,3,3.4,5.74,2002,1,619200.0,606288.9
2574.6,3,3.7,3.73,1971,3,688700.0,675666.25
1648.4,1,2.2,4.26,1972,0,437500.0,429070.37
1982.5,2,2.5,1.6,1995,2,523600.0,512965.27
2885.4,3,3.2,9.9,1998,2,914500.0,896833.3
1686.5,3,3.0,1.35,1993,1,449400.0,440635.43
2906.2,1,2.2,6.89,1965,1,747600.0,732764.33
2353.9,4,3.6,4.98,2022,2,719100.0,704830.78
1718.8,4,4.1,9.54,1997,1,685000.0,671532.62
2316.2,3,3.0,3.21,2023,2,642000.0,629412.85
2486.3,1,1.5,5.79,2009,1,670400.0,658089.99
2310.9,4,3.9,5.34,2021,3,759300.0,744016.55
1214.9,3,3.7,7.33,2011,0,546200.0,535193.98
1636.4,4,3.6,1.61,1999,1,493300.0,482815.55
1876.2,4,4.1,2.74,1967,1,536700.0,525940.05
1962.8,4,3.6,2.93,2020,1,571000.0,560511.44
2310.3,3,2.9,7.64,1967,1,701700.0,688158.24
2088.9,2,2.4,2.7,1999,1,558100.0,546666.17
1332.3,3,3.3,6.16,1992,2,505200.0,495111.02
2190.1,3,3.0,2.94,1993,2,604600.0,591859.78
2305.3,3,3.1,8.75,2003,2,805300.0,788709.44
2279.9,2,2.1,9.48,1974,0,729700.0,715180.72
2540.4,2,2.3,5.67,1995,2,725700.0,710938.77
2417.0,4,4.5,4.17,2019,1,713800.0,699001.7
2229.6,3,3.7,3.11,2016,2,647700.0,634990.92
1964.9,4,3.8,1.45,1994,1,521900.0,511420.87
1169.5,4,4.1,3.42,2005,1,463100.0,453054.22
2214.8,3,3.7,6.89,1981,1,696900.0,681924.43
2103.8,3,2.8,5.8,1982,2,644300.0,631128.99
2135.8,4,4.3,9.5,1999,0,784400.0,767917.87
1361.6,3,3.7,4.57,2004,2,495800.0,484949.54
1459.5,3,2.8,7.24,2014,0,562800.0,552108.48
2526.6,2,2.2,5.4,2010,2,707700.0,693497.14
1980.2,3,3.7,5.61,1981,3,617500.0,605017.28
2340.8,3,3.3,3.41,1964,1,607800.0,595549.8
2014.2,2,2.0,5.09,1990,1,552100.0,540489.08
2014.9,2,2.3,5.24,1972,3,606500.0,594575.49
2469.1,2,2.4,7.36,1987,2,729500.0,714844.65
1742.0,2,2.7,9.47,2017,1,660400.0,646813.3
2048.1,2,2.7,3.96,1979,2,552800.0,541440.19
1768.9,3,3.7,1.38,1992,2,484400.0,474098.27
1782.8,4,3.8,5.47,1975,0,585500.0,573586.88
1845.4,3,3.3,5.9,2021,2,641300.0,628354.19
2111.1,2,2.5,2.52,1988,1,524700.0,513989.86
1760.6,1,1.7,7.84,1982,0,553300.0,542261.58
2627.9,3,2.9,9.86,1983,2,847700.0,830706.74
1552.7,3,3.7,9.51,1993,1,632200.0,619671.38
1906.6,4,4.4,2.77,1966,0,531000.0,520851.55
1780.1,3,3.2,8.88,1997,2,677200.0,663952.51
2723.5,4,4.1,7.34,1996,2,836400.0,820149.29
2098.3,2,2.2,5.08,2020,2,642100.0,628834.13
2515.9,3,3.3,5.87,1963,3,697600.0,683393.69
1257.2,2,2.7,8.65,1993,2,522600.0,512474.8
2133.5,4,4.0,5.32,2001,0,649400.0,636747.74
2444.8,3,3.7,4.36,1981,1,692300.0,678114.69
2041.1,2,2.6,5.44,1964,2,618100.0,606043.79
2532.7,2,2.4,6.21,2023,1,757900.0,742270.23
1741.4,2,2.8,2.7,2009,2,500900.0,491122.53
2704.7,3,2.9,9.11,2001,2,820400.0,803978.85
3149.4,2,2.4,7.07,1982,1,794800.0,778211.78
1818.6,3,3.1,6.7,2013,3,640200.0,627178.96
1777.2,2,2.4,1.9,2019,2,490300.0,481585.13
2726.7,3,3.5,6.44,1974,1,779500.0,764011.39
2789.8,4,4.0,2.09,1990,3,729400.0,715962.22
1738.6,4,4.3,1.71,2018,1,527100.0,515836.04
1789.9,4,4.1,5.75,1968,1,578100.0,566913.37
1859.1,2,2.3,4.63,2002,2,547100.0,534890.83
1327.8,1,2.1,6.3,2017,2,506100.0,495977.88
1540.7,3,3.0,1.8,2012,2,475500.0,466305.61
1497.9,3,3.0,4.88,1984,2,517700.0,507764.95
1616.1,3,3.3,2.57,1984,2,463500.0,453830.37
1982.7,1,1.5,9.88,2020,1,704700.0,691125.55
2117.1,2,2.0,6.05,2008,2,651100.0,637811.14
2775.3,1,1.9,7.19,1980,2,737000.0,722177.95
1500.8,4,4.0,3.93,1968,1,481000.0,471163.34
2492.2,2,2.4,1.85,2014,0,607200.0,594487.81
1893.0,3,3.7,9.78,2007,3,738800.0,724808.86
1975.3,1,1.8,3.58,1997,2,555000.0,543924.01
2337.4,3,3.6,4.81,1981,2,673600.0,660671.66
1438.6,2,2.1,6.85,2002,2,531700.0,521588.36
2191.2,4,4.1,1.22,1982,2,571600.0,559684.03
2083.2,4,4.4,8.29,2008,2,754400.0,739920.06
2246.2,2,2.6,5.83,1963,2,622700.0,610497.71
2144.6,4,4.2,3.5,1988,0,592700.0,580325.55
3227.7,5,4.6,1.55,1974,2,791800.0,776188.43
1681.1,4,3.6,2.46,1960,2,500000.0,489488.52
1734.5,4,4.0,9.06,2013,2,718000.0,704443.23
1688.4,2,2.4,7.17,1989,2,608000.0,596246.89
1722.3,3,3.6,3.25,1988,1,503700.0,493590.43
1681.3,1,1.5,1.59,1979,1,425700.0,417818.4
2594.5,1,2.2,7.22,1992,1,710900.0,695891.01
2710.3,5,5.2,6.15,2000,1,805800.0,789309.33
1714.6,2,2.2,4.64,2003,1,499100.0,488991.79
1583.8,3,3.1,4.27,1995,3,525400.0,516009.84
2235.7,4,4.4,2.95,2019,1,638700.0,625390.76
1723.9,4,4.5,7.03,1981,1,634700.0,621152.35
2316.5,5,4.7,9.74,1972,2,825000.0,807777.81
2101.5,2,2.3,2.58,1966,2,507300.0,497607.11
1242.1,1,1.8,6.37,1967,1,429200.0,420318.9
2773.8,3,3.4,4.82,1987,2,741500.0,726590.46
2897.9,2,2.3,5.02,2004,2,733300.0,719015.42
1693.6,1,2.0,3.29,2002,1,454900.0,445722.96
1806.1,3,2.8,8.43,1968,1,619200.0,606918.07
2142.9,4,3.5,5.37,1984,3,692600.0,679015.61
2167.2,3,3.1,5.89,2015,2,686400.0,672456.66
2329.3,2,2.4,3.74,1975,2,613600.0,601244.84
3005.1,3,3.1,2.64,1969,0,673700.0,660346.98
1911.5,2,2.5,1.77,1970,1,484300.0,475048.09
1600.9,1,1.6,7.43,1990,2,571500.0,559673.82
1310.3,4,3.7,2.77,2023,1,439800.0,429493.71
1634.5,3,3.1,7.21,1971,1,564900.0,553941.79
1983.4,4,4.5,4.51,2019,2,658500.0,645793.86
2897.3,1,1.7,4.74,1990,1,719100.0,704818.02
1741.2,4,3.9,5.22,1973,2,571000.0,559714.15
2111.9,3,3.3,4.31,2010,2,627900.0,615059.85
1991.8,3,3.7,1.91,2003,1,531000.0,520630.09
2594.2,3,3.0,3.79,1991,2,689100.0,675744.58
3263.5,4,4.2,6.97,2009,0,929300.0,910742.25
1734.6,3,3.5,6.99,2012,2,624100.0,612863.62
1755.3,3,3.4,3.58,1976,1,529000.0,517638.13
2522.1,5,4.3,5.14,1994,0,724600.0,710189.48
2340.9,4,4.2,2.74,1960,2,607600.0,594860.82
2923.4,3,2.8,2.89,1988,1,721800.0,707803.92
2292.0,3,3.3,1.21,2010,3,611200.0,598185.26
1820.4,3,3.5,9.07,2023,1,714600.0,699641.04
2295.3,2,2.2,2.9,2020,1,580200.0,568279.41
2554.4,3,3.6,3.05,1963,2,639600.0,626940.92
2410.2,4,3.5,3.52,1982,1,663700.0,650128.26
2253.6,4,4.3,2.15,1987,1,603100.0,590745.28
2533.3,2,2.5,6.75,1975,2,700700.0,686595.55
2584.6,3,3.0,1.68,2022,2,664600.0,651186.88
2691.1,2,2.1,2.21,1971,2,612900.0,601385.72
2324.4,5,5.2,6.8,2012,3,824400.0,808254.96
1916.4,5,4.3,4.06,1980,1,622200.0,609593.71
2073.4,3,2.9,7.37,2004,2,701600.0,688616.51
2603.3,4,3.8,6.02,1976,1,767800.0,752689.83
1591.5,3,3.4,3.3,1999,2,507100.0,496473.52
2184.3,3,3.3,6.86,1972,1,680300.0,666822.26
1803.3,1,1.4,2.05,2011,3,500500.0,490757.76
2014.4,3,3.0,5.83,2017,2,658600.0,645084.19
2639.2,3,3.0,4.93,1991,3,730400.0,715265.75
2095.5,3,3.0,3.41,1996,2,566700.0,555409.23
2023.2,3,3.2,6.44,2009,3,676400.0,662691.89
1320.1,4,4.2,8.84,1974,2,612600.0,601087.56
2373.1,2,2.2,9.99,1971,1,766300.0,751344.58
2322.7,3,3.1,6.47,2020,1,727600.0,712727.61
3081.6,3,3.1,4.64,2008,1,793200.0,777548.97
1846.1,3,3.7,3.03,2016,0,512500.0,502883.56
2109.6,3,3.7,3.31,1974,2,575700.0,563489.1
2124.7,2,2.8,5.32,1993,2,620800.0,607872.61
2788.7,2,2.2,4.31,1965,2,685300.0,671588.42
1952.4,3,2.8,9.22,1976,3,712700.0,698463.8
2139.5,3,3.1,4.31,2007,3,672600.0,659121.9
2303.9,2,2.3,4.36,2008,1,631600.0,618812.61
2093.3,3,3.3,4.45,2016,1,624200.0,611552.97
1776.8,3,3.5,8.53,1979,1,641400.0,628764.13
2097.0,3,3.6,6.86,1968,1,655400.0,642858.97
2536.8,4,4.3,6.53,2018,2,785400.0,769451.52
1486.7,2,2.4,4.01,1964,2,451600.0,443787.2
2066.5,1,1.9,8.36,1982,2,663200.0,650916.35
1649.9,4,3.8,1.35,1992,2,485000.0,475964.63
2597.5,3,2.8,8.84,1997,2,823500.0,807341.24
1238.4,3,3.5,5.61,2015,0,500800.0,491787.99
1720.5,4,3.5,4.58,1973,2,530100.0,519352.94
2188.6,4,3.9,5.47,1976,1,670000.0,656183.7
2782.8,5,4.6,7.01,2016,1,851000.0,833717.01
1967.1,3,3.4,1.11,1978,0,465700.0,455884.53
1722.4,3,3.5,8.84,1992,1,637200.0,624516.9
2940.6,3,3.1,5.02,1960,1,753500.0,738579.92
1276.0,2,2.8,4.09,1972,1,411700.0,403566.42
900.6,3,3.0,2.24,2005,2,330000.0,323393.78
2220.0,2,2.4,4.96,1986,2,630300.0,617760.58
1749.0,4,4.2,5.47,1965,1,554300.0,544082.16
1489.4,3,3.4,4.63,2018,0,518200.0,508146.03
2354.2,3,3.7,7.11,1965,2,718400.0,704493.25
2121.9,3,3.0,4.79,1992,0,621500.0,609165.39
1718.0,1,1.9,9.65,1989,3,668300.0,654126.21
1359.8,1,1.9,6.39,2005,2,477900.0,467435.06
2436.2,3,3.7,8.27,1994,1,771000.0,756621.4
2325.1,1,1.4,1.98,1982,1,523400.0,512666.09
1950.4,3,3.5,4.58,1969,0,566200.0,554567.62
2923.3,4,4.1,4.03,2010,1,789400.0,773734.83
1465.0,4,3.8,6.13,1978,0,531500.0,521145.2
1237.2,3,3.2,8.75,2010,2,578200.0,566974.43
1654.0,2,2.3,1.71,1987,1,412800.0,405431.21
1977.2,4,4.1,1.65,1982,2,558800.0,548374.37
2121.7,4,4.4,8.65,1963,2,740300.0,725088.53
1879.4,2,2.6,2.92,1979,1,511300.0,501558.37
2176.0,3,3.4,7.02,1978,0,662700.0,649253.95
1374.2,2,2.5,5.89,2001,0,477500.0,467881.25
2721.9,4,3.6,8.5,1986,0,810200.0,793449.01
1958.9,5,4.5,2.13,2016,2,604900.0,591955.46
2558.6,1,1.7,2.17,1993,1,571000.0,559564.22
2171.4,4,3.8,6.01,1963,2,696900.0,682484.01
2228.4,3,2.9,9.52,2015,1,753200.0,738599.91
2284.9,5,4.8,4.73,1997,1,706000.0,691739.46
2223.9,3,3.1,3.94,2021,2,673400.0,660086.3
2321.4,4,3.8,6.46,1966,2,718700.0,705009.76
2664.6,1,1.7,9.37,2007,1,799600.0,782865.35
2098.3,2,2.1,8.53,2020,0,679700.0,665743.69
2354.5,1,2.2,9.96,1966,2,718300.0,704024.44
1955.1,5,5.1,1.2,2009,1,579000.0,567576.26
2720.1,4,4.2,2.02,2011,1,723800.0,709875.75
1661.8,4,3.6,6.49,1985,2,597900.0,586375.58
2900.5,4,4.3,8.39,1985,1,856200.0,839124.47
1979.9,1,2.1,3.57,2013,2,511300.0,501225.7
1284.6,3,3.5,3.15,1978,2,416700.0,408531.54
2064.1,1,1.4,8.08,1968,2,630100.0,616763.14
1659.5,2,2.6,1.51,2020,2,489600.0,479729.81
2420.3,2,2.8,4.32,1979,2,652700.0,639770.24
1673.7,3,3.3,5.55,2001,2,582000.0,570589.28
1776.9,2,2.6,6.04,2004,2,581300.0,569211.82
1055.2,2,2.5,7.56,2009,1,479300.0,469079.6
1773.8,2,2.5,4.19,1975,1,527200.0,516538.73
788.1,2,2.0,6.51,2013,2,424100.0,416601.68
1208.0,5,4.9,6.27,1976,2,509200.0,498606.38
2380.2,4,3.6,5.93,1981,0,686500.0,673356.96
2392.9,5,4.7,6.76,1972,2,748000.0,733832.37
2212.7,3,3.0,3.34,1971,0,563300.0,552056.73
1516.5,2,2.5,1.76,1969,2,412700.0,404106.08
1976.1,4,3.6,2.07,1960,2,529100.0,518774.41
1998.2,2,2.7,3.02,1991,3,551300.0,540371.5
1420.8,2,2.8,5.5,1989,0,499800.0,489374.45
2751.7,2,2.2,8.56,1967,2,781000.0,765050.6
2438.7,2,2.1,7.31,1980,1,730900.0,716508.79
1889.5,2,2.1,8.1,1981,1,614600.0,602774.72
2013.4,3,3.6,4.16,1977,0,569500.0,557948.6
2104.2,3,3.3,4.64,1961,2,596000.0,584045.43
979.1,1,1.7,4.54,2007,1,374700.0,367540.32
1876.4,2,2.1,2.73,2003,0,502200.0,492069.76
1659.0,4,4.1,1.55,1968,2,479500.0,469760.34
1499.2,2,2.9,6.32,1962,2,502900.0,492464.33
1859.4,2,2.8,9.9,2013,2,691400.0,677185.66
2898.8,4,4.1,2.5,1985,3,781100.0,766812.44
2320.4,2,2.1,1.42,1980,1,527100.0,516459.9
1714.4,1,1.4,8.02,1989,3,604500.0,593092.53
2286.3,3,2.8,3.27,1987,2,589400.0,578454.0
2699.7,2,2.3,8.47,1995,1,789000.0,773128.21
2462.3,3,2.9,7.34,1985,1,734500.0,719994.21
2029.8,4,3.8,9.51,1993,1,752200.0,737207.24
1676.5,2,2.4,4.68,1967,1,452300.0,442447.91
2349.1,3,3.7,6.96,1969,2,715900.0,700806.01
2196.7,3,3.4,5.18,2007,2,651200.0,638200.42
2447.6,2,2.8,6.68,2014,2,739100.0,724105.54
2317.6,3,3.5,5.05,2002,2,668400.0,655977.79
2524.8,2,2.1,2.7,2009,0,603500.0,591311.71
1732.4,3,3.5,5.57,2013,2,596400.0,585447.46
2658.7,1,1.5,5.76,1973,1,660100.0,646659.8
2098.8,3,3.4,8.3,1999,3,725000.0,711456.1
3037.6,2,2.3,7.62,2014,0,820200.0,804049.21
1655.4,4,4.5,6.97,1974,3,600000.0,588281.65
2868.0,1,1.5,2.02,1976,0,627800.0,614988.12
2099.0,3,3.0,7.49,2012,1,678100.0,664826.46
1674.3,3,3.7,5.5,1977,0,539300.0,529360.36
1758.1,3,2.8,9.05,1991,2,677300.0,663681.59
1839.8,3,3.4,9.28,1997,2,689300.0,675344.3
2212.1,3,3.5,1.5,1982,1,537800.0,526920.62
2261.4,4,4.3,8.39,2021,3,810500.0,795100.06
1713.1,4,4.5,1.34,2005,2,528600.0,518455.68
1987.8,2,3.0,4.3,1982,2,551500.0,541193.84
3071.1,3,2.8,5.88,1994,2,823400.0,807088.81
2863.8,4,4.3,2.33,1998,1,699800.0,685823.66
2218.2,5,4.9,7.72,1974,1,741300.0,726685.97
2019.0,4,4.1,1.08,2012,3,571600.0,560703.08
2060.0,3,2.9,2.52,1983,3,549100.0,537994.44
2306.8,2,2.7,6.23,2023,3,706800.0,693348.34
1488.6,3,3.7,7.43,2022,3,601600.0,589750.92
1871.3,3,3.7,9.25,1987,0,680200.0,665392.86
1165.7,3,3.2,7.35,1975,2,524800.0,514745.75
2199.6,3,2.8,7.05,1975,1,656200.0,642439.85
2323.6,4,3.9,4.55,1999,3,690600.0,677217.59
1758.4,3,3.6,1.01,1998,1,477900.0,468792.76
2787.0,4,4.2,2.08,1965,2,706300.0,692338.95
1387.1,3,3.2,5.81,1961,2,476800.0,467535.84
1267.8,2,2.1,7.08,2013,1,510200.0,500545.44
2112.2,3,3.2,4.76,1972,0,596400.0,584224.19
2523.5,4,4.0,7.58,2003,2,804500.0,788806.71
2842.0,2,2.9,5.7,2006,2,738400.0,724213.51
1770.6,2,2.6,1.67,2018,0,475500.0,466870.04
2539.3,5,4.6,2.73,1968,2,704700.0,690053.11
1980.7,2,2.5,8.56,2022,2,701900.0,688066.26
1913.7,3,2.8,7.52,1993,1,632100.0,618977.26
2441.8,3,3.7,9.05,1976,1,770400.0,754490.04
2326.2,3,3.1,2.06,1986,2,619700.0,607485.51
1211.8,3,3.2,9.91,1988,2,605400.0,593330.73
2738.3,2,2.4,2.88,1996,2,682200.0,669128.5
2690.0,3,3.4,1.11,2002,2,656600.0,643294.91
1687.2,3,3.4,9.98,1981,0,645800.0,632816.97
2197.9,3,3.5,3.53,2010,1,617900.0,605647.75
2247.0,2,2.3,7.01,2023,1,696600.0,682237.09
2130.3,3,3.1,2.59,1983,1,567100.0,555396.47
1724.8,2,2.1,6.22,1966,2,568700.0,557884.05
1664.2,2,2.7,9.14,1993,3,663500.0,649955.52
1987.2,2,2.0,3.88,2007,1,535100.0,524989.24
2586.4,2,2.6,7.03,1971,1,724700.0,710509.66
2271.8,4,4.4,2.69,1982,2,637700.0,624172.23
1814.7,2,2.9,6.62,1974,2,597500.0,585815.19
2385.8,4,3.9,4.03,2022,2,697100.0,683419.24
600.0,5,4.7,2.9,1992,2,401200.0,393387.46
2574.4,3,2.8,3.82,2016,2,683100.0,669367.06
1130.1,2,2.7,2.61,1972,2,344400.0,337041.97
1818.8,3,3.6,9.12,1982,0,664600.0,651981.11
1440.2,4,3.7,4.57,1997,1,549300.0,538263.21
1352.7,3,3.2,3.21,1991,1,429300.0,420272.3
2580.4,1,2.1,5.04,2004,2,681800.0,668392.73
1766.1,3,3.6,3.88,2009,3,588600.0,576456.61
2173.3,4,3.7,7.7,1994,2,735000.0,719825.46
1976.5,4,4.1,9.74,1960,0,703500.0,689242.26
2238.5,2,2.2,4.94,2006,1,638200.0,625103.3
2038.4,3,2.9,8.75,2017,1,725100.0,710141.88
1358.5,2,2.9,6.09,2004,1,522300.0,512257.21
2498.1,2,2.8,2.42,1964,2,616200.0,603819.09
1753.1,4,4.3,7.22,2016,3,687000.0,673886.14
1221.7,2,2.0,5.62,1972,3,458400.0,448804.75
1785.9,2,2.8,6.86,2013,2,622100.0,608794.22
2750.4,1,1.7,9.01,1964,2,786200.0,770550.39
2425.1,4,3.8,4.96,2019,2,734200.0,720443.99
1825.7,4,4.0,9.11,1991,1,699200.0,685481.49
1825.4,3,2.8,7.76,2010,2,679000.0,667027.69
1839.2,4,4.3,5.4,1980,2,636300.0,623740.03
3038.4,2,2.6,6.43,1983,2,784600.0,769025.78
2191.0,3,2.9,3.93,2023,1,633000.0,619262.32
2215.0,3,2.9,9.85,2019,1,771700.0,756479.97
2515.1,1,1.4,7.01,1977,1,678600.0,665112.33
2119.4,3,2.8,1.39,1980,3,547000.0,535856.29
1870.5,4,4.1,3.94,2013,1,606800.0,594595.61
1901.8,1,2.1,6.61,1969,2,573300.0,561799.95
1964.2,2,2.0,1.51,1983,2,454900.0,445712.04
1981.4,2,2.0,1.21,1999,1,467700.0,459390.86
2363.8,2,2.6,5.05,2006,2,683200.0,669350.57
2026.0,4,4.3,3.99,1980,2,571000.0,559664.66
2366.3,3,3.1,4.94,1984,1,678800.0,665022.05
1959.6,3,3.1,3.36,2011,3,597700.0,586137.72
2039.3,4,4.1,2.48,2019,1,615300.0,603082.38
1000.9,2,2.3,7.2,2016,0,459600.0,450268.04
2458.2,3,2.8,5.63,2018,2,697300.0,682391.02
2173.2,3,3.5,2.8,2023,2,625100.0,612719.65
2499.0,3,3.4,3.88,1982,3,699200.0,685061.21
600.0,5,4.8,6.33,1981,2,449400.0,440381.63
3044.2,4,4.2,1.65,1963,3,722100.0,707066.77
1930.2,3,3.4,2.33,1993,2,539100.0,529034.64
2554.1,4,3.7,1.66,2015,2,661600.0,648796.37
1480.0,2,2.4,8.31,1965,2,544700.0,534521.35
2306.4,1,1.4,7.77,1987,1,687200.0,674029.49
1473.3,2,2.1,7.78,1990,3,550900.0,540178.16
1688.1,2,2.7,7.45,1994,1,576200.0,564104.86
2957.0,3,3.6,7.02,1998,2,829900.0,814223.69
1904.7,3,3.7,5.29,2001,1,585000.0,572836.18
2108.7,4,4.1,6.78,1982,2,698100.0,684003.8
2435.0,3,2.9,1.35,1965,1,583200.0,571889.45
2247.8,3,2.9,6.59,1975,0,658500.0,645708.27
2075.2,1,2.1,8.0,1961,2,612000.0,600046.12
2182.5,1,1.8,5.5,1983,1,608000.0,595639.86
3201.7,3,3.4,4.22,1976,2,825600.0,808784.53
1971.2,3,3.5,3.5,2004,0,554700.0,544873.27
2100.5,4,4.2,6.79,1960,0,651000.0,637960.34
2525.3,2,2.8,7.24,1965,1,720800.0,706303.11
2552.8,1,1.3,8.84,1964,2,758600.0,743071.22
2593.5,3,3.5,4.08,2016,0,692900.0,679164.34
2319.4,2,2.9,7.93,2004,3,725700.0,711285.01
1428.5,1,1.5,6.05,2019,1,508100.0,497929.89
2816.7,3,3.4,8.95,2014,1,881600.0,864158.86
1426.8,2,2.3,5.75,2009,1,507500.0,498231.77
2151.3,3,3.7,5.66,1988,0,632100.0,619160.47
1622.9,2,2.0,6.2,1971,2,544900.0,534023.54
1967.9,2,2.6,7.74,1998,2,667300.0,653630.08
2164.4,3,2.9,9.68,2006,2,756700.0,741713.35
2160.7,4,4.2,1.66,1962,1,553200.0,541851.77
2211.0,3,2.9,1.48,2007,1,542100.0,530995.28
2806.9,4,3.7,9.44,1960,1,865900.0,847852.24
2226.8,2,2.5,5.77,1986,3,651900.0,638910.9
1877.9,4,4.4,6.53,2007,1,655200.0,642310.88
2482.0,2,2.2,5.34,1983,2,674600.0,662038.24
2594.7,3,2.9,1.84,2021,1,652300.0,639488.75
1386.2,3,3.5,7.91,2003,1,592200.0,580131.16
2298.7,4,4.0,7.73,1978,1,748200.0,732556.16
2350.6,3,3.7,3.81,2018,0,651700.0,638055.36
1851.2,1,1.4,3.76,1967,2,496000.0,485432.19
2687.9,1,1.9,8.54,2014,1,794300.0,779353.02
1925.0,4,3.7,1.65,2003,2,540200.0,529539.91
2062.8,3,2.9,8.93,2006,0,709300.0,694822.52
1913.5,4,4.2,3.31,1961,3,566100.0,554298.07
2007.8,2,2.6,6.34,2020,1,646600.0,633239.95
1451.9,2,2.8,9.42,1989,2,598200.0,585931.35
1280.0,1,1.6,7.1,1989,2,479500.0,470568.13
2797.3,5,4.7,4.73,2008,3,851100.0,834063.03
1576.5,3,3.2,7.21,1998,1,601800.0,589040.27
1504.3,4,4.5,4.1,2004,2,531000.0,521535.23
923.3,2,2.3,3.5,1991,1,354500.0,346839.92
1680.5,3,3.0,9.97,1960,1,644500.0,631314.58
1338.5,3,3.1,7.76,1997,1,562500.0,551905.07
2821.0,2,2.6,6.8,1972,1,760700.0,745693.57
2504.9,4,3.8,4.2,1970,3,717300.0,702719.04
1655.9,4,4.4,1.44,1969,0,459300.0,449498.32
3126.2,4,3.8,1.28,2007,2,757000.0,741376.65
2490.9,3,3.6,5.99,2018,2,768300.0,752480.75
1837.6,2,2.1,7.86,1985,2,625900.0,613385.52
750.3,2,2.7,5.84,2015,2,409200.0,401111.53
3145.5,5,5.2,8.57,2014,0,965700.0,946311.67
1305.2,1,1.4,1.3,1979,2,333100.0,326418.39
1177.3,3,3.7,4.3,1976,1,431800.0,422638.64
2511.3,3,3.2,3.13,1976,3,647800.0,634990.57
3219.9,3,3.7,5.03,1963,2,805700.0,790226.26
2692.1,5,4.9,1.65,1964,3,677900.0,664260.6
2282.0,2,2.3,9.59,2019,0,734400.0,719620.86
2297.4,2,2.2,3.01,1982,1,559600.0,548449.5
2426.7,1,1.6,9.3,2005,1,746900.0,732521.1
2379.5,3,2.8,4.83,2011,0,670100.0,656250.64
2140.6,2,2.1,9.87,1969,1,700400.0,687117.42
2052.1,2,2.1,5.99,2005,2,594900.0,583212.61
1968.7,4,3.9,9.38,1987,1,750800.0,735798.34
1623.0,4,4.3,1.05,1992,2,491800.0,482570.62
1859.7,2,2.1,7.73,2002,2,643600.0,630136.97
1153.5,3,2.9,9.13,1985,2,584200.0,572777.02
1950.8,4,4.1,2.26,2014,1,555300.0,544409.15
1505.7,1,1.4,1.87,2009,1,427000.0,417992.27
1448.2,1,1.3,4.82,2007,1,444900.0,436232.32
2089.9,2,2.2,9.4,1988,1,703600.0,689669.65
2696.0,3,3.7,5.88,1986,2,743400.0,728442.63
2459.2,2,2.8,5.75,1977,1,673700.0,660657.41
1214.7,5,4.6,2.27,1999,2,462600.0,453062.12
1505.2,3,3.4,1.01,2019,2,446800.0,437999.16
2470.4,3,3.3,8.29,1969,2,774500.0,758944.16
1508.8,2,2.7,1.79,2017,1,435800.0,426776.65
1887.7,3,3.4,6.7,2001,1,628200.0,615887.44
2275.0,3,3.4,9.23,1964,2,740800.0,725880.13
1515.8,4,3.8,2.88,1969,1,479800.0,469467.5
2052.7,4,3.5,6.99,2009,1,685600.0,670987.47
1333.0,3,3.2,1.71,1980,1,405800.0,398078.53
1699.3,4,4.4,6.43,1983,1,626300.0,613163.7
2159.9,4,4.1,2.48,1997,2,584400.0,572851.69
1203.5,4,4.3,7.62,1962,1,547400.0,536479.48
2220.2,1,2.2,3.71,1999,2,615900.0,603397.73
1990.2,1,1.4,5.17,1990,1,557100.0,546936.33
2276.2,2,2.7,6.39,2021,2,709800.0,695693.84
2112.0,3,3.4,2.54,2000,2,597000.0,585437.82
2682.1,3,3.7,7.67,1996,2,808700.0,792668.41
2062.6,3,3.7,3.72,2020,1,614500.0,602094.23
1785.3,4,4.2,6.96,1961,0,586900.0,575152.46
2061.1,4,3.7,2.42,1961,1,548900.0,538651.27
2271.6,4,4.3,7.19,1998,2,758200.0,743580.05
2024.4,2,2.1,2.15,2008,2,539600.0,529783.99
2020.3,3,3.5,4.83,2001,2,640100.0,627408.82
1649.0,2,2.9,3.22,2003,1,475000.0,465061.53
1668.5,2,2.4,7.74,1993,2,590900.0,578861.74
1298.7,2,2.6,3.36,2001,1,450200.0,440602.11
2874.8,2,2.4,8.94,1979,2,832600.0,816331.52
1378.1,3,3.2,9.03,1992,1,595700.0,583493.04
1653.5,4,3.8,2.77,1963,2,493800.0,482396.34
1640.8,2,2.8,6.52,2004,0,544900.0,535233.89
2447.5,3,3.7,1.79,2003,1,643400.0,630246.7
1852.5,3,3.7,4.52,1970,2,556000.0,544591.7
2623.9,2,2.2,7.42,2020,1,755300.0,741029.81
1663.3,3,3.6,6.93,2001,2,607000.0,594255.87
2139.5,2,2.7,6.62,2006,2,639800.0,627572.3
1582.3,3,3.0,3.54,1964,2,467800.0,458150.28
3072.6,3,2.8,4.4,1984,1,756400.0,740610.1
1406.2,2,2.3,1.93,2008,1,416500.0,409022.86
2154.9,2,2.9,7.47,2019,2,696600.0,683129.55
2316.9,3,3.4,5.53,1996,1,693300.0,679894.0
2206.9,4,4.2,7.38,1993,2,759500.0,744493.83
1907.4,2,2.3,3.24,1968,1,510100.0,500197.55
1935.1,3,3.5,3.92,1965,1,544100.0,532601.92
2021.9,3,2.8,4.01,1977,1,568500.0,557185.81
1926.5,4,3.9,1.23,1973,0,471900.0,461997.62
2481.9,4,4.1,4.07,1978,1,680100.0,665803.53
3105.3,3,2.9,8.23,1973,2,862000.0,844965.48
1721.3,3,3.6,9.08,1999,2,686500.0,673349.07
1315.1,4,3.7,5.66,1976,1,544100.0,533026.32
1955.9,3,3.4,5.1,2019,3,650000.0,636893.99
3289.9,2,2.4,1.28,1994,2,700200.0,685626.92
1598.2,1,1.8,8.91,1988,3,594100.0,582221.61
2819.6,4,3.6,1.12,2001,2,693300.0,679814.04
2838.9,4,3.5,9.5,1976,2,884700.0,867401.76
1723.2,2,2.9,5.4,2018,0,545500.0,534862.59
2284.5,3,3.0,4.08,2002,1,641400.0,628262.78
2814.2,3,3.6,9.32,1967,0,814700.0,798080.94
1810.4,2,3.0,1.22,1960,2,428200.0,420033.7
1898.2,5,4.5,6.23,2004,1,681400.0,668178.0
1709.2,2,2.3,5.94,2012,2,560100.0,548812.0
1492.6,1,1.9,2.97,1995,1,426900.0,418148.91
1675.4,3,3.7,4.86,1966,2,516700.0,506949.62
1388.0,3,3.7,6.87,2005,0,573500.0,561850.03
2017.0,1,1.8,7.54,1964,1,589900.0,578474.97
1615.0,3,3.5,1.01,1983,1,427900.0,419273.58
2116.9,3,2.9,9.43,1987,1,733200.0,718012.23
1222.1,2,3.0,2.48,2021,1,398300.0,391140.16
2165.4,2,3.0,3.1,2002,2,589100.0,577378.03
2416.8,3,2.9,3.37,1976,0,620500.0,607734.63
1003.1,2,2.3,1.34,1996,1,324900.0,317706.6
2187.0,4,3.6,2.11,1979,2,596600.0,584023.0
2613.8,4,3.8,9.88,1962,0,822000.0,805373.54
1395.2,5,5.1,3.84,1996,3,539900.0,530064.56
2836.3,2,2.4,2.04,1985,3,705500.0,691097.67
2209.5,5,4.3,1.96,1974,0,598800.0,587547.73
1647.5,3,3.1,7.48,2010,1,601800.0,589698.62
1972.1,2,3.0,8.69,2007,1,687400.0,673061.42
2279.2,1,1.9,3.31,1967,2,551400.0,540135.39
2038.0,1,1.7,1.19,1972,2,459500.0,449669.51
2269.4,3,2.9,3.01,2007,2,602600.0,590120.02
1539.7,3,3.7,1.51,1962,2,419700.0,410863.13
2084.7,2,2.8,1.93,1960,0,514300.0,503062.1
1293.1,3,3.0,4.88,1968,2,470900.0,462238.4
1944.4,2,2.1,3.07,1990,2,488600.0,478933.51
1548.0,3,2.8,5.64,2000,2,568600.0,556884.86
1632.2,3,2.9,3.28,2013,2,534400.0,523822.88
2618.0,4,4.1,9.46,1985,2,851700.0,834248.26
2545.7,4,4.4,9.15,1976,1,833400.0,815396.47
2304.6,3,3.2,6.1,2015,1,691900.0,679540.35
1453.8,3,3.6,4.19,1993,1,484000.0,474414.8
1841.8,3,3.2,4.43,1968,0,554600.0,543213.49
2606.5,4,4.2,4.71,2021,3,772000.0,755593.04
2070.9,2,2.7,7.55,2015,0,639800.0,626256.93
3159.7,2,2.2,5.06,2010,2,810800.0,795411.25
2196.7,1,1.6,8.71,1972,2,675800.0,663034.97
2096.0,3,3.4,9.5,1964,0,721700.0,707642.61
1845.4,3,2.8,4.02,2000,3,573600.0,561570.46
2066.8,4,3.9,6.05,1972,2,653300.0,640988.99
1923.8,2,2.5,1.86,1960,2,488300.0,478758.89
2354.1,3,3.7,2.8,1984,1,614200.0,602243.46
2478.4,4,4.0,4.72,2023,0,711300.0,697297.09
1607.0,4,4.3,2.86,2006,1,536400.0,524918.51
1334.4,3,3.2,8.89,1963,1,561100.0,549278.92
1081.9,3,3.5,2.42,1995,2,390400.0,382336.89
2254.0,2,2.6,5.1,2022,3,676700.0,663487.82
1448.3,4,4.4,6.45,2011,2,579500.0,567219.78
923.6,2,2.4,7.23,1969,2,425000.0,416412.33
2194.3,4,4.1,4.45,1987,2,657000.0,643771.7
3246.5,3,3.4,8.82,2016,1,942600.0,924144.37
1997.0,3,3.2,6.11,2021,2,683600.0,670265.34
2419.2,1,1.4,4.96,1965,1,608400.0,595726.89
2040.9,3,2.8,1.61,1986,2,539700.0,529629.34
1950.6,3,2.8,5.18,2015,1,613400.0,600550.38
2459.5,2,2.9,8.39,1971,0,741800.0,727510.12
1854.9,3,3.0,6.53,2021,2,652900.0,639566.93
2133.7,5,4.5,8.49,2011,2,786300.0,770655.96
2160.8,3,3.5,5.45,2007,2,669500.0,656222.99
1666.0,3,3.1,2.07,1962,3,451000.0,442078.85
2496.0,1,1.8,1.12,2005,0,557600.0,546785.25
1912.5,3,2.9,3.73,1992,2,562300.0,551249.73
1622.1,2,3.0,7.28,1969,1,549700.0,539097.82
2268.3,3,3.6,8.11,1990,2,759900.0,744934.31
1550.8,4,4.4,3.66,1974,2,495900.0,485349.77
2014.1,3,3.2,5.46,1966,1,590900.0,579216.9
1995.4,1,2.0,4.79,1995,2,581300.0,569392.07
2542.9,3,2.9,4.69,1973,2,690000.0,675645.37
2237.3,3,2.8,3.08,2015,0,601700.0,589521.08
1987.5,3,2.8,2.23,2007,2,553400.0,542423.62
2408.9,4,4.1,2.77,1973,2,645100.0,632322.84
2695.1,4,4.0,1.5,1962,3,639400.0,627140.01
2278.9,3,3.3,2.78,2008,1,607500.0,596003.65
2005.2,3,2.8,1.08,2012,0,532400.0,521920.14
1344.1,2,2.4,6.65,2005,2,513000.0,502998.55
1467.4,2,2.7,3.85,2009,0,457100.0,448005.65
1847.4,3,3.2,9.76,1962,3,683400.0,670115.61
1695.2,3,3.5,2.74,2021,0,508200.0,498279.49
1906.5,3,3.0,4.11,1981,2,555000.0,543872.76
2028.3,3,3.6,4.22,1978,2,600500.0,589565.99
2264.8,1,1.8,1.08,1994,1,511300.0,500800.91
1964.8,3,3.0,8.55,1971,0,668900.0,656249.23
2243.3,2,2.2,1.29,2013,2,539000.0,527542.85
2032.2,2,2.6,9.46,1964,2,681600.0,668374.81
1012.3,4,4.3,9.03,1969,1,533300.0,523352.28
1530.3,1,1.7,5.82,2000,3,525200.0,513742.39
1928.0,3,3.0,5.89,1992,1,599000.0,587089.48
1395.2,2,2.9,6.88,1972,1,521400.0,511329.71
2300.0,4,4.2,4.48,2023,2,724700.0,710331.98
2765.4,3,3.2,6.83,1994,0,764200.0,749105.08
2609.4,2,2.5,1.4,2010,3,627400.0,614920.11
1893.3,3,3.0,1.49,1991,1,485800.0,475536.88
2745.4,3,3.4,5.12,1970,0,755300.0,741378.02
2074.3,5,4.6,5.95,2007,1,693400.0,679280.23
1831.5,2,3.0,8.99,1997,2,695200.0,681513.08
1693.3,4,4.0,1.94,1983,2,480700.0,470762.58
1848.8,4,4.0,8.4,1994,2,683200.0,668398.07
1805.9,4,4.1,2.89,1978,0,510600.0,499925.74
2085.2,3,3.7,4.55,1965,1,579700.0,567382.2
2080.3,3,3.6,3.85,1999,2,606100.0,594523.78
2001.5,3,3.2,4.6,2013,0,590500.0,578386.57
2218.5,4,4.2,2.35,2004,2,611500.0,599012.95
2595.3,3,3.3,5.53,2003,0,741800.0,726431.83
2474.8,3,3.2,8.21,2021,2,821400.0,805019.02
1257.6,3,2.9,4.97,2001,1,487500.0,477391.77
723.0,3,3.2,5.42,1994,2,404000.0,396416.18
2467.2,4,3.7,8.64,1963,1,778300.0,762885.02
1316.6,2,2.9,7.35,1992,0,503800.0,493438.09
1887.6,4,3.8,5.41,1972,1,586000.0,574705.12
1414.9,3,3.7,3.32,2015,0,476500.0,466973.97
1099.0,4,4.0,8.96,1995,1,550300.0,539304.75
2270.7,3,3.4,6.19,2013,2,696900.0,682230.68
2379.6,3,3.3,2.99,2002,2,658600.0,645392.46
1711.7,4,3.6,3.42,1978,2,559800.0,548764.77
704.5,2,2.4,8.23,2002,2,450800.0,442450.78
1726.9,4,3.6,1.4,1971,2,494400.0,484136.05
2195.9,3,3.4,9.93,1970,1,743600.0,729867.05
1260.5,3,3.2,2.17,1965,1,358600.0,351706.43
2091.7,2,2.8,8.16,2023,1,713800.0,698764.29
1992.3,3,3.0,4.55,1971,2,590800.0,578561.4
2289.6,2,2.2,5.43,1986,1,636200.0,624186.5
2059.8,1,1.7,8.93,2000,0,657700.0,645167.61
1513.5,2,2.9,4.72,1984,2,508800.0,498633.05
2598.3,1,2.0,5.84,2001,1,680600.0,667062.96
1920.7,5,4.7,1.44,1962,2,523200.0,512153.69
1986.3,5,4.8,1.02,1962,2,522100.0,512318.72
1533.4,3,2.8,3.2,1979,0,451200.0,441682.12
1778.4,3,3.7,7.13,1987,0,592900.0,581464.37
1557.6,2,2.7,2.09,1982,1,412400.0,404828.02
1913.5,3,3.0,2.02,2007,2,523000.0,512564.08
2855.9,4,4.1,4.7,1962,1,748400.0,733915.81
1314.0,4,3.6,6.83,2001,2,541000.0,531103.82
1193.2,3,3.7,7.41,1983,2,529100.0,518651.98
2735.6,4,3.7,2.61,2002,1,724300.0,709726.35
1895.3,2,2.6,1.72,1999,0,478500.0,468896.57
1665.5,5,4.5,9.46,1965,2,712500.0,697878.51
2520.0,1,2.0,3.35,1979,1,621500.0,608687.21
1697.2,3,3.5,8.68,1970,2,649200.0,636437.2
2913.0,3,3.4,8.77,1991,1,865300.0,847912.03
2339.0,3,3.4,7.95,2019,2,773200.0,757899.78
1756.0,2,2.9,2.52,1986,2,496100.0,485433.03
3078.7,4,3.6,8.4,1980,2,897400.0,879405.69
1697.1,2,2.3,7.92,2003,1,577300.0,566269.06
2371.0,3,3.0,6.37,2007,1,722000.0,707000.54
2149.6,2,3.0,4.03,2009,2,596000.0,584088.26
2650.9,2,2.4,3.36,1972,1,625200.0,611768.7
2780.8,3,3.5,2.1,1981,1,666800.0,652811.27
2016.0,3,3.4,5.59,1994,3,644100.0,631621.83
1623.3,2,2.2,6.27,2006,1,530900.0,520127.36
2230.0,2,2.2,4.23,1981,0,582900.0,572153.04
1661.1,3,3.0,5.28,1987,0,548100.0,537354.22
3006.7,4,3.9,4.27,1980,2,773900.0,758687.3
2068.3,4,3.7,6.77,2005,2,721000.0,706041.76
1817.3,1,1.3,9.11,1977,1,585700.0,573793.45
2092.3,3,3.6,2.48,1990,1,592500.0,580283.68
1326.4,2,3.0,4.43,2019,1,466600.0,456735.28
1514.2,1,1.6,2.27,2020,2,433600.0,425259.95
2600.2,3,3.1,6.62,2005,0,723500.0,709462.26
1671.6,3,2.8,7.56,1996,3,626300.0,613973.47
1476.5,2,2.7,9.39,1980,1,592300.0,580039.97
2268.3,2,2.8,3.51,1973,3,598800.0,586989.37
2592.9,1,1.4,9.55,1984,1,758100.0,741981.66
2359.5,4,3.7,1.57,1986,2,594900.0,583663.5
2498.0,5,5.0,6.43,1999,1,803500.0,786780.92
1621.6,2,2.6,1.51,2019,0,438600.0,429267.77
1289.1,2,2.0,9.04,2019,2,602400.0,590409.65
2750.7,4,4.1,5.77,1982,2,778200.0,762738.08
1838.7,4,3.8,7.02,1990,1,639600.0,626771.63
1874.6,3,3.1,8.48,2006,2,700800.0,686228.94
2664.1,1,2.0,2.35,2019,2,620200.0,608362.67
2278.1,1,2.1,1.35,1988,2,508100.0,497095.03
2227.9,3,3.2,8.91,2006,1,770400.0,754250.37
3082.5,3,3.7,3.83,1989,2,765700.0,750332.51
1678.2,1,1.7,2.16,2010,1,414200.0,405283.88
2463.9,3,3.5,5.22,1985,1,718900.0,705133.31
2028.5,1,1.7,6.38,1979,2,574400.0,562322.89
2134.3,4,4.4,1.28,1997,1,571300.0,560652.51
2764.2,2,2.9,3.47,1978,0,664600.0,651825.56
2253.9,1,1.3,1.3,1986,2,467300.0,458571.53
2269.1,3,3.7,4.78,1984,2,652600.0,640491.55
2536.3,3,3.6,9.06,1999,1,819000.0,802660.61
1817.5,5,5.0,9.84,1997,1,753200.0,737629.51
1580.4,3,3.0,6.73,2011,3,618200.0,605784.5
1477.6,2,2.8,2.45,1982,1,412700.0,404162.67
1016.8,3,3.6,9.15,1988,2,553100.0,541683.4
3028.1,2,2.3,5.65,1974,2,764700.0,749481.43
1448.4,4,4.5,2.38,2018,1,469500.0,459954.15
1889.4,3,2.8,9.3,1962,3,663200.0,649559.9
1861.6,3,2.9,7.82,1969,2,615600.0,603165.3
2153.7,1,1.8,7.59,1974,1,650200.0,637470.49
2407.9,3,3.3,7.38,2015,2,743900.0,729500.21
2430.2,4,4.1,2.8,1975,2,652800.0,638942.54
1708.5,4,3.5,2.9,1976,2,510800.0,500432.4
1916.4,2,3.0,7.19,2023,2,659700.0,646435.33
2141.3,2,2.0,2.98,1978,1,558700.0,546934.74
1875.7,4,3.6,4.95,1970,1,575900.0,564322.15
2803.7,4,3.5,8.04,2007,1,864400.0,847186.0
2245.5,1,1.8,8.06,1964,0,645900.0,633241.42
2367.4,3,3.7,5.08,1964,0,643400.0,630570.58
2331.4,2,2.7,8.13,2023,2,790200.0,773955.53
2586.7,4,4.3,8.55,2017,2,834900.0,819208.02
2090.5,1,1.3,6.89,1973,2,629000.0,616834.56
1351.6,2,2.5,3.06,2009,2,448700.0,440002.36
2199.8,4,4.0,3.47,1985,2,623400.0,611434.42
1674.3,1,1.7,3.83,1967,1,472700.0,463368.3
1735.7,3,2.8,2.05,1964,2,437800.0,429687.15
2293.2,3,3.4,3.46,1966,1,592000.0,580188.44
2619.1,2,2.5,2.89,2022,3,665100.0,651798.87
2010.6,3,3.5,5.1,1975,2,614500.0,602527.61
2154.4,3,3.2,9.18,2014,1,737100.0,723146.18
2851.1,2,2.1,1.94,1973,2,653800.0,641480.02
2120.4,3,3.4,7.48,1996,2,700500.0,686786.42
3300.8,4,3.7,7.19,2015,0,915000.0,896958.31
2282.8,4,4.4,1.86,2000,2,628100.0,615886.02
1119.6,2,2.6,9.3,1963,1,503700.0,494118.81
2376.7,2,2.2,6.12,1995,0,648800.0,636473.37
2190.6,2,3.0,4.27,2007,3,676800.0,663145.71
2644.9,3,3.3,7.81,2015,2,812600.0,797007.03
2336.6,3,2.8,3.32,1976,2,581600.0,570139.5
1930.8,3,3.4,7.24,2006,2,658500.0,645655.47
1387.9,1,1.5,1.36,1995,1,335700.0,329676.97
1895.5,1,2.1,8.55,1965,2,631600.0,619341.53
1574.7,3,3.6,5.03,1975,2,534300.0,524072.0
1709.7,3,3.7,6.73,1988,3,623800.0,611129.29
2294.3,2,2.5,2.99,1995,1,580200.0,569345.16
2835.0,3,3.2,7.09,1997,2,816400.0,800419.84
2197.3,2,2.8,7.95,1996,3,711100.0,696941.03
1402.1,4,3.6,5.26,2007,2,543400.0,533082.54
2222.3,4,4.0,6.56,2021,3,763300.0,749327.92
2598.3,2,2.5,5.11,2016,1,715200.0,700311.54
1695.1,2,2.1,9.05,2007,3,661600.0,647966.13
1933.0,3,3.2,5.48,1969,2,603100.0,592380.65
2007.3,2,2.9,8.58,2000,0,685800.0,672297.35
1607.6,3,3.6,8.21,1995,3,645200.0,632391.43
2324.1,4,3.6,4.69,1988,1,676700.0,663108.31
1939.5,3,2.8,3.07,1973,1,542700.0,532450.22
2209.8,4,3.8,4.65,1963,2,632200.0,620861.62
1556.3,3,3.6,8.44,2003,0,600800.0,588451.41
1781.3,2,2.1,3.05,2015,1,488300.0,478485.56
2361.2,3,3.5,5.72,2001,2,710600.0,696212.64
1813.6,3,2.9,8.25,2022,0,634400.0,622078.43
2863.5,3,3.4,4.18,1995,1,750700.0,736297.2
1800.2,2,2.4,6.78,2009,0,589900.0,578912.47
2112.3,1,2.0,3.21,2004,1,561700.0,550849.36
2466.3,5,4.5,1.98,1972,2,642000.0,630419.67
1290.8,2,2.6,8.15,2005,2,550200.0,538908.62
1119.6,5,4.5,1.89,2022,3,474200.0,464298.73
1237.2,5,5.0,3.44,1977,2,498100.0,488872.67
2631.3,4,4.4,8.7,1992,1,829200.0,812677.42
1724.1,3,2.9,4.12,1980,3,541800.0,530276.03
3279.1,3,3.6,9.76,1975,2,958800.0,939465.97
1717.9,4,4.1,9.82,1974,2,700700.0,686813.83
2092.3,2,2.1,3.41,2013,2,575600.0,563764.88
2771.1,3,3.2,1.37,2016,3,710400.0,695684.67
3003.0,3,2.9,7.35,1964,2,798800.0,782720.19
3030.8,3,3.5,5.06,2020,1,810700.0,793953.73
2604.2,3,3.5,1.91,1965,2,634100.0,621735.57
2512.0,2,2.1,7.37,1997,0,728000.0,712468.1
2296.3,3,3.3,1.28,1962,1,561800.0,550609.21
2389.2,4,4.3,8.83,2007,1,828000.0,811699.75
1724.4,2,2.9,2.25,1971,1,445900.0,436936.73
1590.9,4,4.0,2.15,1995,0,495500.0,486136.61
1998.3,3,3.7,2.58,1992,0,528500.0,517244.72
1914.9,4,4.0,9.64,1995,2,755700.0,740235.46
1773.4,3,3.1,7.24,1992,2,655100.0,641832.98
2348.2,4,4.3,8.21,1990,3,811800.0,795920.36
2477.7,1,1.7,4.58,1980,1,623400.0,611041.25
2044.2,4,4.0,4.03,1986,2,612500.0,601321.68
2738.8,1,1.7,3.11,1986,3,634000.0,620917.11
1429.2,4,4.3,5.33,1967,1,522300.0,511156.51
1903.2,5,5.1,5.97,2015,2,675200.0,662590.54
1641.6,2,2.4,6.69,1996,2,558300.0,546418.57
1066.7,2,2.3,3.31,2021,0,363400.0,356473.53
1958.7,4,4.0,9.54,1991,2,736900.0,721672.66
1939.1,2,2.6,2.53,2023,2,543400.0,531497.34
2756.7,4,3.7,9.69,1985,0,867000.0,849472.61
2315.4,2,2.8,1.13,1961,0,500500.0,490939.75
1487.9,2,2.5,5.33,1971,0,485900.0,475571.11
2927.0,5,4.6,4.0,1981,1,780800.0,765472.05
2610.5,3,2.9,5.04,1976,2,696700.0,683147.43
2291.0,4,3.7,6.14,1966,2,698400.0,683796.15
1886.8,2,2.9,4.92,2002,1,600500.0,588376.12
1520.3,3,3.1,4.73,1963,3,511600.0,502156.54
1813.9,3,2.9,7.59,2023,1,651100.0,638403.3
2544.4,3,3.2,7.17,1996,0,726600.0,711937.25
2942.3,3,3.1,8.5,1997,1,860600.0,843595.65
2771.6,3,2.8,3.25,1991,2,707100.0,692615.37
1755.6,3,3.1,6.49,1970,1,572500.0,561606.85
1440.2,2,2.5,6.27,1960,1,460900.0,452238.63
2070.4,4,4.1,4.33,1984,0,596500.0,584630.45
1115.8,2,2.4,5.37,2001,2,468600.0,459343.35
2161.6,3,3.2,3.82,2011,3,660400.0,646692.6
1926.2,2,3.0,2.28,1983,1,484700.0,474329.98
1767.0,3,3.1,2.92,2012,1,535100.0,524209.7
1202.6,3,3.0,1.95,2002,2,382100.0,374414.3
2256.8,2,2.2,7.15,2015,2,726400.0,712403.31
1733.6,1,1.7,6.95,2022,1,584400.0,573173.21
1415.0,2,2.8,9.56,1976,3,614200.0,602008.42
600.0,3,3.0,7.57,1967,2,378100.0,371133.27
1986.2,4,4.2,1.47,2018,1,571200.0,559304.26
2886.1,1,1.3,8.96,2004,2,829100.0,813056.67
2830.6,3,3.2,8.76,1986,3,875600.0,857692.79
1771.5,2,2.8,4.99,2011,2,581700.0,570685.85
1698.9,3,3.1,6.27,1977,0,559400.0,548205.33
2234.4,4,4.1,9.78,1986,1,777800.0,761244.86
1500.8,2,2.2,5.79,1981,1,509800.0,499969.08
2150.9,3,3.5,9.15,1975,1,724000.0,709924.77
2383.0,1,1.3,1.75,1961,2,510900.0,500453.71
2613.5,1,2.1,2.72,1964,2,588000.0,576054.37
1949.9,2,2.2,4.97,1977,2,543000.0,532060.23
1898.2,1,2.1,6.26,1962,3,562400.0,550189.42
1561.0,3,3.1,8.35,1986,1,619200.0,605633.64
1586.6,3,3.5,9.89,2013,2,685000.0,671950.81
1886.8,3,3.1,4.5,1976,2,559200.0,547603.97
2183.7,2,2.9,1.43,1975,1,527600.0,517975.63
2456.8,2,2.1,8.21,1965,2,714200.0,700601.2
1598.4,3,2.9,6.44,2010,0,569900.0,559285.6
2746.3,5,4.7,2.79,1966,2,717500.0,702824.85
1864.4,1,1.3,5.45,2009,2,573400.0,561127.8
1989.3,4,3.7,7.68,1973,1,651200.0,637632.56
1626.4,3,3.7,7.93,1997,2,617300.0,604730.77
787.9,3,3.7,5.5,1999,2,395300.0,386207.39
2442.0,3,3.1,3.75,1974,1,632700.0,619808.29
2368.4,1,2.2,9.76,2006,0,766800.0,751363.16
1859.3,1,1.8,6.97,2006,1,584800.0,572456.79
2033.5,3,3.0,4.67,2007,2,613800.0,601003.76
2258.0,2,2.7,3.52,1992,2,615600.0,603177.7
1218.7,4,4.2,7.58,2002,3,598900.0,587100.14
1735.5,3,3.7,3.18,1986,2,520700.0,509840.59
2397.1,2,2.3,2.55,1988,2,605400.0,593438.13
1372.9,3,3.4,5.77,2023,1,521400.0,511040.42
2146.8,2,2.1,3.61,2016,2,617300.0,604977.44
1321.7,3,2.9,6.66,1996,1,555200.0,543769.99
2233.2,3,2.8,2.06,1964,1,553100.0,541371.31
1982.2,4,4.5,6.89,1988,2,654300.0,642062.23
1192.4,4,4.3,3.55,1991,0,431400.0,423087.15
2582.4,3,3.5,1.0,2019,2,653300.0,640736.87
1632.7,3,3.3,2.14,2012,2,487300.0,477512.19
1594.9,4,3.8,9.4,1965,1,660800.0,647501.99
2100.3,2,2.2,8.81,1961,1,674200.0,660961.33
2574.3,1,1.5,3.1,1965,2,587300.0,574636.66
1492.1,2,2.4,8.01,2005,2,584000.0,571762.68
2030.8,2,2.8,6.48,2002,1,621300.0,608475.11
2214.4,3,3.3,9.74,1963,1,736300.0,721346.72
2346.6,3,2.8,4.36,2015,2,665700.0,651946.15
2088.2,3,2.8,7.13,1988,2,692800.0,679110.4
1816.5,1,1.4,1.57,2018,1,486200.0,476516.72
1586.2,3,3.2,4.57,1984,1,490800.0,481680.43
2043.1,2,2.9,9.67,1968,2,672000.0,659796.88
1463.9,3,3.4,5.85,2015,2,555900.0,544150.57
600.0,3,3.6,3.59,1962,3,294800.0,288977.65
2218.3,2,2.5,2.08,1985,2,552000.0,541032.76
2452.0,2,2.4,7.33,2007,3,762300.0,747046.9
818.5,1,1.4,6.8,2002,1,415200.0,406353.59
1495.1,4,4.4,4.37,1986,2,534900.0,523743.4
2309.6,4,4.3,9.56,1995,0,791400.0,775692.2
3028.7,3,2.9,1.2,1991,2,670100.0,656225.32
2010.4,2,2.5,3.73,1960,1,525600.0,515167.64
1636.0,3,3.2,9.29,2016,1,666000.0,652557.03
1908.6,3,3.4,3.89,2012,2,597700.0,585816.83
2687.4,4,4.4,3.27,2013,2,730100.0,715021.35
1677.0,2,2.6,5.81,1975,0,513700.0,503504.73
1600.4,1,1.8,8.41,2010,2,572900.0,561001.52
1758.6,3,2.8,1.93,2007,1,456600.0,447548.35
1523.3,3,2.8,9.49,1970,1,591400.0,580241.7
2061.3,2,2.2,8.16,1985,2,647800.0,634974.49
2812.3,1,1.3,2.63,1999,1,648900.0,636082.94
2161.5,3,3.5,7.41,2022,3,733100.0,718846.6
1873.8,4,4.2,4.46,2014,1,604400.0,591610.22
1854.1,5,4.4,4.62,1960,2,582300.0,571513.46
1218.4,3,3.6,8.05,1985,2,500300.0,489766.21
2441.6,3,2.9,9.67,1987,1,815100.0,799237.83
1961.1,1,1.6,2.14,2012,1,477300.0,468127.45
1909.8,3,3.0,4.79,2017,2,603800.0,591272.92
3596.6,3,3.1,5.33,1968,2,867400.0,850556.44
2149.4,3,3.0,4.39,2019,1,649300.0,636562.91
1624.1,3,3.2,4.27,2018,2,551000.0,540924.99
1786.8,2,2.4,1.47,2003,0,439200.0,430512.69
2574.2,1,2.2,7.17,1981,1,704900.0,690747.73
2056.6,2,2.1,4.93,1967,1,589300.0,577256.62
1280.9,1,1.4,2.75,2017,0,375700.0,367314.32
2459.6,2,2.1,8.34,2008,2,762200.0,746796.89
1665.9,5,4.9,8.22,2001,2,677900.0,664204.05
2936.6,3,2.8,5.38,1986,3,764000.0,748851.03
2540.0,3,3.6,3.69,1998,2,685600.0,671176.45
1776.3,4,4.0,6.74,1978,3,645600.0,632568.49
2640.5,5,4.8,3.59,1984,2,753400.0,738620.13
2033.9,3,3.3,3.12,1997,2,544700.0,534143.75
2426.4,4,3.7,7.57,1980,3,759600.0,743478.09
2242.4,2,2.2,1.36,1983,2,523800.0,513677.2
1576.8,2,2.3,1.85,1983,0,406100.0,397854.71
1678.2,3,3.3,1.06,2019,2,478200.0,468543.49
2515.0,3,3.0,2.38,2019,3,668500.0,653947.74
1832.6,3,2.9,1.62,1978,2,490700.0,481632.79
1798.2,2,3.0,9.96,2009,2,684400.0,670800.4
1522.4,2,2.0,3.6,2006,2,488800.0,478258.27
2211.8,3,3.6,2.34,1961,3,582200.0,570743.6
3031.3,2,2.8,3.17,1973,0,694100.0,680390.24
1466.2,3,3.0,9.43,2012,2,666200.0,653487.27
2012.1,3,2.9,5.68,1991,1,642200.0,629201.16
2706.1,3,2.9,4.28,2001,2,740800.0,725990.0
1960.2,4,4.2,8.86,1991,2,684300.0,670292.6
2226.2,4,4.1,4.55,1987,1,679100.0,665816.97
1468.8,3,3.5,4.02,2007,1,511300.0,500682.25
2214.2,3,3.7,2.87,1998,2,640100.0,626851.5
1906.4,3,3.4,4.4,1999,0,588700.0,576892.1
2492.9,2,2.2,3.85,2001,1,667800.0,653831.07
2593.7,1,1.5,7.1,2006,2,747200.0,733057.07
3294.8,2,2.8,3.61,1999,1,808200.0,792999.63
2289.8,3,3.0,6.19,1972,1,697500.0,683323.2
2162.9,3,2.8,1.59,1971,3,549800.0,538110.7
2097.2,4,4.2,2.72,1967,1,548000.0,537208.3
1823.4,2,2.4,4.67,1974,1,520300.0,509652.95
2169.2,2,2.9,9.43,1985,2,736900.0,722749.34
1852.3,5,4.9,4.4,1971,2,607000.0,594466.43
2084.2,2,2.1,6.98,2002,3,649700.0,636978.26
2658.8,3,3.7,3.3,2010,3,695900.0,682039.0
1496.7,3,3.0,2.14,2005,2,448900.0,439583.87
2569.9,3,3.1,1.53,1986,1,625900.0,613502.02
2658.6,1,1.7,3.75,1977,0,645000.0,632539.27
1941.0,1,1.3,2.42,2004,1,499400.0,489455.42
939.1,2,2.5,2.57,1995,0,337000.0,330308.64
1696.1,3,2.9,7.85,2022,2,649700.0,636269.61
2648.5,3,3.2,1.14,2008,2,621000.0,609152.1
1988.6,2,2.4,6.02,2010,0,600400.0,588914.27
1500.3,3,3.5,4.42,1986,2,504400.0,494106.72
1747.6,4,4.3,5.56,1968,1,574100.0,562555.86
2420.3,1,1.4,6.07,2014,1,673100.0,660345.11
2273.4,3,3.1,3.82,1998,2,643900.0,630455.21
1880.5,3,3.1,3.66,1960,1,534900.0,524504.14
1816.6,2,2.2,7.6,1966,1,584000.0,572040.69
1804.1,2,2.8,8.84,1985,0,600800.0,589673.04
1538.8,3,3.5,2.73,1966,1,439900.0,431133.72
2807.7,4,3.7,1.88,2011,2,718200.0,704466.19
1838.8,4,3.9,9.08,1966,3,717900.0,703161.34
2608.6,3,2.9,4.15,1967,1,660200.0,646371.74
2760.7,3,3.4,5.96,1975,1,761500.0,746152.87
2499.2,3,2.9,4.24,1962,2,661500.0,648401.34
1784.2,3,3.7,2.13,2004,3,529700.0,518850.63
2201.9,3,3.5,6.3,1969,1,672100.0,659037.15
1987.9,2,2.4,5.73,2009,1,599100.0,587013.02
1548.1,3,3.3,2.83,1966,2,450100.0,440057.28
2162.2,3,3.7,5.07,1980,2,641100.0,628554.41
1410.5,3,3.3,8.17,2012,0,574800.0,562862.73
2593.8,4,3.7,6.31,2021,2,805600.0,789307.2
1767.7,1,1.6,1.87,1996,1,427300.0,419530.57
2100.6,2,2.8,5.93,1990,2,637400.0,625538.41
2141.6,1,1.9,7.32,1982,2,642500.0,629362.25
1870.5,4,4.2,8.13,2016,2,718500.0,704418.89
2293.3,3,3.6,6.66,1986,1,691500.0,677393.86
1762.5,2,2.9,2.37,2015,1,490300.0,480350.56
2435.6,3,3.7,7.39,1981,1,740800.0,725681.11
1327.0,3,2.8,7.1,1998,2,548300.0,536471.83
2063.2,4,4.0,1.22,2016,1,564600.0,553355.53
2969.5,3,3.5,4.71,2021,1,823500.0,807174.08
1499.8,3,3.5,4.0,1986,1,472800.0,463008.5
1661.1,4,4.1,7.02,2013,2,645300.0,632937.9
2257.0,2,2.2,2.95,2008,1,561100.0,549659.96
2089.8,2,2.8,6.32,1963,1,615700.0,603067.39
2175.3,3,3.5,9.22,1983,1,720700.0,706549.25
2244.6,5,4.3,8.18,1982,2,768600.0,752456.66
2317.4,3,3.2,9.29,2007,2,784900.0,769655.34
2554.8,1,1.4,9.81,1978,2,775500.0,759788.92
2204.9,2,2.3,1.1,2001,2,526400.0,516366.64
1879.4,3,2.8,6.6,1962,3,604700.0,593250.07
2336.3,2,2.4,4.72,1986,1,649600.0,636928.08
2949.9,3,3.3,8.74,1962,3,869900.0,852096.01
1933.7,5,4.9,3.27,1987,0,576700.0,564540.58
1512.7,3,3.4,9.83,2022,1,659700.0,645788.96
2553.5,3,3.6,6.52,1976,2,768400.0,753583.46
1939.8,3,3.0,8.14,1990,1,664200.0,650848.6
913.7,2,2.1,1.77,1969,1,270800.0,265084.39
2423.7,4,4.4,2.65,2008,1,653500.0,640363.96
1732.3,3,2.9,7.83,1981,2,615800.0,604024.31
1954.7,3,3.7,1.2,1989,1,495500.0,485979.37
2166.0,3,3.6,8.35,2021,2,736500.0,721989.25
2095.2,3,3.3,1.13,2008,2,531400.0,521090.94
2354.7,3,3.7,6.91,1980,2,709700.0,695596.09
1782.3,1,1.3,4.29,1995,1,505400.0,495443.06
2256.6,4,3.8,6.5,2012,3,740200.0,725506.51
1870.2,4,4.1,7.26,1982,1,651900.0,638861.97
2369.4,3,3.1,4.08,1997,0,659400.0,646588.69
2307.7,5,5.2,1.97,1971,0,630300.0,617874.64
1532.3,2,2.1,1.63,1984,2,406600.0,398027.64
2543.0,3,3.3,6.3,2013,0,732800.0,718408.44
1732.0,3,3.3,5.69,2016,0,570300.0,559017.62
2404.0,3,3.4,7.68,1979,1,746100.0,731483.71
2183.6,3,3.0,5.59,2008,1,659100.0,645865.9
2919.1,2,2.4,4.8,2008,2,756900.0,742167.87
1888.3,2,2.8,4.58,2001,2,558700.0,547495.3
1825.3,3,2.9,1.24,1966,2,452600.0,443909.94
1990.3,2,2.8,4.02,1988,1,559600.0,548179.76
1848.4,3,3.3,9.78,2007,1,689800.0,675810.37
2400.0,2,2.8,8.86,1988,3,784500.0,769111.03
1191.8,1,2.0,3.96,1972,0,354200.0,346950.11
1473.2,3,3.0,6.29,1962,2,522800.0,513446.89
1466.1,3,3.3,8.63,1961,1,554900.0,544085.22
2475.2,4,4.4,4.97,1975,3,724400.0,709924.46
2855.3,3,3.2,1.16,1989,1,654700.0,642015.95
1947.8,2,3.0,1.67,1997,1,497200.0,487015.66
1915.6,4,4.0,5.59,1965,2,638700.0,626387.51
2035.0,3,2.9,9.72,2004,2,747100.0,732605.62
2580.9,1,1.6,7.24,1966,1,682600.0,669574.77
1536.3,3,3.7,1.64,1964,2,419400.0,410791.6
2119.2,4,3.8,2.7,2015,2,627600.0,614436.63
2487.6,3,3.6,7.94,1966,0,758800.0,743318.92
2250.5,2,2.9,8.57,1993,0,714900.0,700461.18
2094.8,2,2.4,6.56,2022,1,669800.0,657237.61
2500.5,2,2.1,6.8,1991,0,709200.0,696113.51
648.4,3,3.5,1.26,2008,2,314800.0,308676.33
2338.9,3,3.1,8.46,1972,1,705000.0,690904.7
1673.0,1,2.0,8.09,1989,1,585700.0,573811.05
1084.7,4,3.9,3.33,1984,1,429300.0,421126.35
2255.6,4,4.0,7.38,1980,2,714400.0,701206.29
2686.8,3,3.5,2.93,2019,0,677900.0,665234.93
1931.3,4,3.9,1.36,2018,0,522100.0,512226.99
2476.4,1,1.7,2.81,1980,0,556500.0,545931.65
2806.1,3,3.1,2.61,1987,3,696900.0,683378.15
2657.5,3,3.1,4.04,2007,0,702800.0,688720.35
2820.0,4,4.0,4.77,2017,2,813300.0,796665.73
2371.1,4,4.3,5.58,1979,0,709200.0,695005.59
2037.7,2,2.4,5.29,1993,0,571700.0,560477.17
1199.0,4,4.0,3.44,1964,2,420300.0,411167.18
1877.0,2,2.7,1.26,1977,1,475200.0,465619.52
1578.4,4,3.8,6.45,2019,3,637800.0,624631.03
3085.5,5,4.5,4.56,1998,3,860100.0,843404.92
1912.1,2,2.9,3.69,2002,2,561900.0,550387.15
2061.6,3,3.5,8.8,2016,2,742500.0,727814.11
2275.7,1,1.8,7.72,2016,1,701900.0,687511.99
2021.8,3,3.4,8.72,1970,1,680700.0,667884.85
2847.5,3,2.8,5.45,2013,3,804000.0,787069.62
1688.7,3,3.4,2.18,1976,2,454400.0,445549.92
2097.3,4,4.0,7.27,2007,2,714400.0,699473.37
1628.8,3,3.3,2.85,2004,1,484200.0,474261.33
1340.0,3,3.1,4.97,1981,0,458900.0,449825.09
1694.1,4,3.6,1.59,1996,3,492700.0,482973.68
1981.5,5,4.4,8.43,1979,1,712400.0,698266.63
1785.3,1,2.2,2.13,2007,1,441000.0,432255.87
1653.8,5,4.7,9.13,2019,0,712700.0,698125.08
1296.8,1,1.7,8.78,2013,2,549400.0,538329.97
1958.4,4,3.6,5.18,2013,0,602100.0,590073.82
1247.6,2,2.0,7.7,2007,2,516100.0,505875.68
2380.0,2,2.7,6.58,2007,0,697800.0,683811.16
2041.2,3,3.3,8.23,2005,2,705600.0,691852.8
1271.2,3,3.3,4.89,1965,2,449100.0,440164.69
1845.4,3,3.0,8.07,1993,1,650300.0,637394.66
1623.9,1,2.0,5.16,2022,2,535100.0,524206.67
2159.6,3,2.9,9.47,1973,1,704100.0,689491.78
2670.2,4,3.7,5.38,2007,1,775300.0,759871.01
1062.4,3,3.2,5.16,1982,2,429300.0,421317.72
2057.5,2,2.3,8.07,2021,1,688100.0,674559.93
1919.9,3,3.0,8.39,1979,1,661100.0,647469.25
2335.7,1,1.9,5.99,1972,1,619700.0,607713.37
2106.6,4,4.2,2.62,2006,1,586500.0,574602.44
1624.0,4,4.3,5.21,2003,2,584300.0,572971.33
1840.5,3,3.2,9.71,2000,1,723900.0,709237.6
1602.0,3,2.8,7.78,1991,3,595800.0,584060.65
2538.0,4,3.8,8.3,1985,3,845300.0,828134.75
2010.7,3,3.7,1.3,2009,0,519000.0,508373.47
2950.6,4,4.1,5.21,2012,1,822700.0,805462.87
1969.7,3,3.5,6.82,1973,2,626100.0,613834.04
1645.8,4,3.5,8.47,2011,1,649200.0,636401.08
1243.1,3,3.3,1.44,2016,0,381700.0,374279.22
1098.4,3,2.8,8.67,1995,1,515400.0,505229.67
1207.9,5,4.8,5.94,1967,2,520900.0,510100.87
2133.6,3,3.7,2.78,1999,2,587900.0,576624.95
2254.4,3,3.7,3.86,1981,0,636100.0,623874.39
1209.4,2,2.5,3.54,1981,0,365400.0,357697.88
2447.5,3,3.2,5.78,1975,3,711900.0,697928.06
1758.5,3,3.7,1.47,1986,2,487100.0,477795.5
2073.4,2,2.7,2.43,2015,2,544200.0,533080.95
2806.1,1,1.3,8.31,2019,2,821100.0,804529.98
2448.4,3,3.2,2.19,2020,1,631000.0,618647.06
1865.7,4,3.7,3.1,2019,2,547600.0,535892.84
1554.4,3,3.2,5.08,1969,1,517300.0,506409.74
924.1,2,2.5,5.65,1984,1,380100.0,372003.11
1640.4,3,3.3,7.87,1990,2,605000.0,592001.84
1894.4,1,1.6,5.03,1980,1,537200.0,526998.47
1506.4,3,2.9,8.11,1986,3,599300.0,586319.93
1934.4,2,2.5,6.57,1976,1,608900.0,596893.56
2038.4,2,2.8,2.02,1992,3,554700.0,544011.84
1887.6,2,2.7,2.41,1990,3,506700.0,496419.2
1675.0,3,3.1,4.93,2009,1,568100.0,556403.82
2084.3,1,2.2,4.57,2001,2,572300.0,560970.42
2221.0,3,3.7,7.69,1985,1,745000.0,730100.92
1454.8,3,3.0,6.23,1980,3,534100.0,523919.75
2705.5,3,2.8,4.49,1995,1,731300.0,715359.74
1950.7,3,3.5,2.54,1960,2,534200.0,523056.65
2009.4,4,4.3,3.04,1963,1,566500.0,555450.79
2354.1,2,3.0,6.18,1963,1,646600.0,633693.22
2116.6,3,3.6,4.81,1985,1,617200.0,605232.02
2476.6,1,1.9,5.63,1963,1,604500.0,592541.01
2143.6,1,1.8,2.54,2008,2,547600.0,536580.63
1693.8,3,2.8,6.97,1968,2,589300.0,577362.86
2180.8,3,3.0,8.67,1989,2,735600.0,722050.53
1428.1,4,4.0,3.32,2010,1,453500.0,445197.47
2054.3,3,3.4,5.42,2004,1,617400.0,605299.75
1983.4,5,4.8,9.78,1963,0,725300.0,710833.23
1895.9,1,2.0,4.0,1964,2,507800.0,497913.07
1935.7,1,1.5,6.36,2020,3,622700.0,610659.42
1059.1,1,1.8,1.81,2004,1,315200.0,309105.41
1725.6,2,2.1,6.45,1982,0,554300.0,542838.31
2046.4,3,3.2,1.81,1975,1,503500.0,494322.26
2079.9,3,3.5,9.63,1981,2,748200.0,733359.1
1486.2,1,1.9,7.44,1996,2,547300.0,537360.97
2632.9,4,4.5,8.09,1967,2,821500.0,805163.57
1566.9,4,3.8,7.34,2007,1,615900.0,603459.17
2484.7,2,2.5,6.31,2021,2,761200.0,746668.07
2213.6,1,1.6,5.05,1992,2,611900.0,599812.59
1676.9,2,2.4,8.73,2014,1,617400.0,605118.71
2887.7,2,2.9,9.61,2019,2,895800.0,877283.82
1403.2,2,2.7,5.49,1997,0,493100.0,483568.11
2459.6,3,3.6,9.38,2002,1,800300.0,784047.34
2500.3,2,2.2,6.25,1975,2,711000.0,696556.1
1664.7,3,3.6,5.85,1964,1,552900.0,541596.73
2696.2,5,4.3,5.09,1975,2,736000.0,721499.52
1875.0,3,3.6,2.88,1966,2,527100.0,515790.31
2144.3,4,3.8,1.03,2010,1,561300.0,549968.58
2130.2,2,2.3,3.17,1960,2,548400.0,537922.14
1932.8,3,3.3,5.59,1968,2,612800.0,599921.17
2405.4,3,3.7,4.42,1977,1,659400.0,646298.44
2396.7,1,1.3,5.04,2004,0,648100.0,634822.3
1125.7,1,1.6,9.83,2017,1,535400.0,524490.15
2652.2,3,3.6,4.15,2006,0,715600.0,702115.58
1168.8,3,3.1,5.07,1962,0,433000.0,423514.76
2516.3,3,2.9,2.2,1983,1,614700.0,602788.82
2563.4,3,3.2,1.43,1987,1,623900.0,611183.04
1454.5,3,3.1,7.98,1969,3,571800.0,560100.17
1794.6,1,2.2,6.14,1968,1,527900.0,516786.22
1447.1,2,2.8,7.85,1972,2,530200.0,519972.95
1892.5,2,2.5,2.35,2007,2,520600.0,510092.3
1846.0,1,2.2,6.15,1994,2,579400.0,567653.17
2389.8,5,4.7,3.28,2013,1,713700.0,699480.92
2655.2,3,2.8,3.05,1982,3,692300.0,678368.86
2697.8,3,3.0,1.1,2006,2,646700.0,632765.66
1718.9,2,2.4,2.17,1976,2,437700.0,428700.59
1895.4,3,2.9,3.78,2005,1,568000.0,557087.72
1158.3,2,2.9,2.05,1966,0,346000.0,338326.69
1597.1,1,2.0,9.87,2011,2,645400.0,631947.03
2482.4,2,2.3,3.78,1975,0,627100.0,614344.6
2807.8,4,4.1,2.17,2012,1,717300.0,702591.19
1382.8,3,3.5,2.79,1999,1,439900.0,431088.06
1703.8,3,3.7,6.29,1995,2,590300.0,577947.46
1986.8,3,3.6,1.58,2022,3,564000.0,552526.07
2140.1,4,4.0,8.76,1979,1,736300.0,721550.0
1595.2,1,2.0,9.65,1983,2,609000.0,597144.47
2212.0,2,2.6,3.22,2006,2,594700.0,583428.39
1763.1,2,2.6,5.05,1964,1,516000.0,505549.23
1992.8,4,3.6,1.2,2004,3,545400.0,535436.03
2273.1,5,4.4,6.77,1965,2,744200.0,729224.05
2003.2,2,2.5,4.73,1987,2,581500.0,570284.44
1781.8,4,3.8,3.43,2018,1,565900.0,555547.75
1945.2,4,3.5,2.86,2021,2,581300.0,569743.65
1955.8,2,2.7,6.89,1964,1,579800.0,567517.24
1815.0,3,2.8,4.75,2008,1,592000.0,580205.45
1870.6,3,3.3,2.62,1998,1,535500.0,524484.18
2799.3,5,4.8,7.2,1997,2,841800.0,824826.78
2280.5,2,3.0,6.09,1961,2,660900.0,648674.49
1852.3,4,4.0,8.73,2002,1,717000.0,702048.62
2348.5,2,2.1,2.06,1998,0,561600.0,550518.23
1833.1,3,3.3,8.07,2013,2,702700.0,688207.14
2586.6,3,3.6,7.06,1980,1,759600.0,744254.17
2184.8,3,3.7,2.04,1999,2,563500.0,552602.42
1946.3,4,3.9,7.25,1996,0,672800.0,659503.08
2223.9,4,3.8,4.97,2018,1,690300.0,676381.48
1214.6,4,4.4,9.5,1977,3,603600.0,591203.1
1436.6,1,1.4,2.27,2013,0,398300.0,390492.04
1403.0,3,3.4,6.79,2007,1,530600.0,520841.84
2071.5,2,2.4,4.44,2005,1,603500.0,590979.32
2866.3,3,2.8,9.61,1971,3,860400.0,844147.83
3115.7,3,3.1,3.97,1976,2,760300.0,745693.75
2319.0,3,3.0,9.66,1996,1,777000.0,762144.68
2250.4,3,3.4,9.11,2005,0,761200.0,746130.22
1099.5,5,5.2,3.43,1997,2,473200.0,464321.56
1728.7,2,2.3,8.23,1974,1,584600.0,572403.58
1606.1,3,3.6,9.96,1966,2,643500.0,630295.98
1689.6,3,2.8,3.27,1973,0,458000.0,449222.91
1915.9,2,2.5,4.93,2009,0,564000.0,552867.92
1764.0,2,2.1,5.68,1960,2,550900.0,539807.81
1010.4,4,4.4,3.65,1997,1,425600.0,415836.7
2374.0,4,4.3,1.14,1962,2,601800.0,589546.26
1463.6,4,4.2,2.98,1996,0,499000.0,488432.97
2119.6,5,5.1,3.54,2003,1,641700.0,629112.77
3037.0,2,2.6,4.99,1990,3,783900.0,768126.42
1540.3,3,3.7,2.54,2002,1,506300.0,495859.85
734.9,3,3.5,8.86,1972,2,492000.0,483481.46
1857.0,3,3.7,7.34,2007,1,629800.0,617723.09
2550.5,3,3.3,1.77,2022,2,663300.0,650561.94
2979.2,3,2.9,6.85,1977,2,820900.0,805583.11
1385.2,3,3.3,6.88,2022,1,578000.0,566841.1
2248.3,3,2.9,9.61,1976,2,746300.0,730988.52
1767.3,2,2.6,1.03,1976,2,425200.0,416252.05
1947.0,3,3.2,3.23,2020,1,562500.0,551732.45
3322.2,3,3.4,9.35,1970,2,937000.0,917230.32
1248.5,3,2.8,9.39,1979,2,585500.0,573751.11
2126.9,2,2.2,7.49,1969,1,625900.0,612296.44
2233.8,3,3.2,7.89,1988,1,705800.0,691733.42
2542.9,1,2.2,1.82,2007,1,565500.0,554617.04
2049.0,3,3.1,5.62,1993,1,643100.0,630377.71
2154.0,4,3.9,3.08,1976,2,623500.0,611499.05
1804.2,3,3.5,2.63,2013,1,525000.0,515482.41
2134.6,2,2.6,8.29,2021,3,727100.0,712486.23
1828.4,3,3.0,2.22,2011,1,523100.0,514041.83
2310.8,3,3.2,5.22,2001,1,694700.0,680912.33
1815.2,4,3.7,9.45,1972,2,703000.0,689414.58
2188.6,3,3.7,2.67,2003,2,594100.0,581912.47
1985.4,3,2.9,9.8,2006,2,714700.0,701215.66
2563.0,3,3.1,9.95,1998,0,805900.0,790302.86
1974.3,2,2.0,6.0,2023,1,620900.0,609217.73
1113.5,2,2.2,2.53,1986,1,341100.0,334305.25
2631.0,3,3.5,3.84,2013,3,732000.0,716732.29
1547.1,3,3.0,4.82,2012,1,523300.0,513064.2
1673.1,3,2.8,3.78,1985,2,498500.0,487681.49
1702.2,2,2.5,3.53,1987,2,478500.0,468761.91
2687.2,1,1.3,9.75,1972,1,801100.0,785173.54
932.2,3,2.8,2.38,1971,2,348000.0,342228.61
3568.9,2,2.8,7.6,2003,2,976400.0,957031.27
2528.0,3,3.5,1.0,1987,2,616800.0,604533.77
2111.6,1,2.2,6.37,1961,1,585000.0,573268.48
1972.6,3,3.6,9.24,1996,1,733000.0,717668.95
2142.8,4,4.2,3.59,2016,1,640200.0,627438.91
2260.6,2,2.1,2.67,2016,0,577000.0,565511.44
2322.6,3,3.5,6.87,1993,2,722500.0,707565.7
2277.8,1,2.1,7.41,1982,2,628900.0,615728.63
2044.8,3,3.5,7.19,2017,1,714500.0,699969.21
1901.3,3,3.3,3.87,2021,2,599900.0,587934.47
1924.4,3,3.0,3.27,2011,2,574900.0,563173.22
1902.5,3,3.6,9.6,2004,1,715000.0,700174.56
2566.9,4,4.2,9.31,1988,0,830000.0,813544.64
2296.8,2,3.0,5.12,1994,2,645600.0,632957.43
600.0,1,1.4,8.62,1970,2,392400.0,384612.65
2328.0,4,3.7,5.07,2007,2,688200.0,674154.51
2097.4,3,3.0,4.82,1992,0,607400.0,595549.42
1990.6,4,4.3,2.41,2010,1,588600.0,576732.73
1805.7,3,2.9,4.84,1970,0,530800.0,519589.46
2562.1,4,3.6,5.84,1968,2,742300.0,727972.12
2473.8,3,3.7,1.2,1973,2,580300.0,568870.75
1613.6,3,2.8,5.0,2022,0,529100.0,518458.35
2203.5,4,4.3,8.03,1968,2,739000.0,723434.47
1514.2,3,3.1,7.12,1998,2,593300.0,581061.57
1310.2,2,2.8,6.72,2007,2,496800.0,487873.28
1686.6,2,2.6,9.19,1962,3,633900.0,620467.83
2431.2,2,2.9,1.16,1988,0,545700.0,534660.33
2476.6,2,2.9,6.01,1978,3,702400.0,688343.83
2256.5,2,2.0,8.09,1995,0,670200.0,656956.24
2362.5,3,2.8,5.87,1991,1,672700.0,658497.41
2258.1,3,3.0,3.92,1966,2,624600.0,612195.09
1679.3,3,3.4,2.23,2014,3,517400.0,506208.95
2216.0,3,3.6,8.99,1987,2,747600.0,732696.71
2400.2,1,1.7,5.24,2003,2,651000.0,637653.8
2377.1,1,1.9,8.9,2021,2,764400.0,748679.07
2594.5,2,2.2,6.27,1977,2,720400.0,706409.41
2354.2,3,3.6,7.07,2019,0,734700.0,719888.2
2175.7,2,3.0,8.24,2022,2,749600.0,734844.86
2535.1,2,2.3,6.93,1964,1,715000.0,700953.41
1986.7,3,3.2,4.58,1982,1,589400.0,578246.98
1559.1,4,3.6,5.62,2014,1,578400.0,566227.87
1918.5,1,1.8,8.23,1981,2,634300.0,622073.51
1627.5,3,3.3,4.36,1985,3,541300.0,530482.23
